1.252547752719154230e-02,1.655563623628105406e-03,1.028006611058369241e-01,3.936687996302008080e-02,1.063803304772496933e-01,4.479117676393499364e-02,0.000000000000000000e+00,2.410625824751505275e-01,1.185155037917732385e-01,5.159072585981531317e-02,4.473732988659188844e-07,1.192680205042332686e-01,1.264148456533633041e-03,2.327623121942349899e-03,2.889277706329977310e-02,4.380386911944499925e-05,9.454557979139077695e-02,1.939516773734717263e-04,3.469159883317899512e-02
1.431741349381946554e-02,8.008811523853655344e-04,1.528913253819272067e-01,2.444258416464344455e-02,1.470353251492887425e-01,3.068735519371940783e-06,0.000000000000000000e+00,2.030535582721423316e-01,1.203225381074333189e-01,1.556893396035981779e-02,1.070290100050219489e-01,4.676978317858569018e-02,5.916519590695971541e-05,1.720160157121980232e-03,7.863794250112399187e-02,1.864818855598796029e-05,6.967334321061259550e-02,3.108710061869979072e-04,1.723467046471115205e-02
1.543388132621105295e-02,8.864513212188666891e-03,1.591129132036190885e-01,1.033136087143869813e-01,1.470318745546684014e-01,2.438596172678950187e-06,0.000000000000000000e+00,2.013883976966039935e-01,1.198629798781979394e-01,1.820910106085323402e-02,4.549114765998513166e-02,2.040907444832306631e-03,8.898848741896443857e-05,1.361628554505697796e-03,9.129325667886885320e-02,5.887476311228426705e-03,7.297774329052840458e-02,4.649969728986969530e-04,7.093203742425839738e-03
1.060133667230826228e-02,6.018176112326846502e-07,1.787988384496932148e-01,6.767400900891817894e-02,1.148073906797487109e-01,5.893514495129216726e-06,0.000000000000000000e+00,1.782865698018864520e-01,1.159474796913748107e-01,2.923292610106117961e-02,1.005672527454818110e-01,3.465464309976872860e-04,1.299898488481280505e-04,5.024551208559126930e-04,8.815072850312696828e-02,6.294719149146534964e-05,1.143610814931986935e-01,4.607190105974668650e-04,0.000000000000000000e+00
1.046605918648331121e-02,2.603446283649223504e-04,1.107203541332397873e-01,6.307605348316434879e-02,1.238790432507771433e-01,2.150593000557837157e-05,0.000000000000000000e+00,1.676538681861207136e-01,9.828776869355174139e-02,8.413884733855281350e-02,1.434325172942770565e-01,2.765562826805492968e-05,1.272369552151190195e-03,3.510751259927278158e-04,9.587339694916066635e-02,8.926970117529399990e-06,1.000257613664775058e-01,4.939128499806001152e-04,0.000000000000000000e+00
1.338663660572346481e-02,2.036566404862986263e-02,1.376048396581667776e-01,8.495738303484383358e-02,1.532152809173307206e-01,3.430729021768032896e-06,8.663536330997222146e-05,1.919572805607427102e-01,7.727736621994696353e-02,7.172700305073664850e-02,1.151044945741676595e-01,2.287217418886096354e-04,2.932633946785616515e-03,1.171108845513234319e-04,7.018357619374890333e-02,5.891726544078770660e-03,5.384411651324430559e-02,8.894856149771209570e-04,4.096569737179499347e-05
1.784277985535373881e-02,2.076364488617112730e-02,1.551170444637232082e-01,4.579840970667936606e-02,1.145709898945536098e-01,2.890649586459636493e-06,0.000000000000000000e+00,1.420369418827218122e-01,9.197105310661338184e-02,1.004037315456026563e-01,1.758438751330395899e-01,2.421135732022232937e-05,3.581588815711590177e-05,1.272733949227239370e-02,5.863166497651504244e-02,2.441220068794266746e-03,6.094306395319979558e-02,8.509292785476663210e-04,6.350348353439202889e-05
1.617092710383045279e-02,1.637916753659999364e-02,1.095944535068066744e-01,9.336746389929818923e-02,1.842892718148570752e-01,4.849754242400063358e-06,2.515121158269598891e-06,1.783964623817055617e-01,5.376963683567560770e-02,7.788745603084192004e-02,1.574685391509759169e-01,0.000000000000000000e+00,2.941967161474936046e-03,1.251554959904097606e-03,4.816111229576450908e-02,3.994516211844260692e-06,5.958507327670451575e-02,7.798026133789641762e-06,2.389116743344597976e-06
1.942522593541921860e-02,2.468315238693359268e-02,1.152457873500967317e-01,1.273058532168266643e-01,1.680225398334861953e-01,2.698263345826600375e-06,1.986448851959324302e-02,1.177985137134630739e-01,4.050361898061525384e-02,1.193386080842501334e-01,1.127604964741092813e-01,0.000000000000000000e+00,3.976661069031839748e-04,1.287101331607631892e-03,4.794905289219359573e-02,2.919278994173886074e-02,4.386555555979627236e-02,1.232541144501708881e-02,0.000000000000000000e+00
1.498241071939793861e-02,1.681715799762142569e-02,1.143271212636467193e-01,5.727114963546899029e-02,2.177670869265431464e-01,1.632176496486954678e-06,0.000000000000000000e+00,8.294974782886120612e-02,1.841132911343339867e-02,1.203586292925875462e-01,1.761052364659977665e-01,2.932489614145646742e-05,1.173210817708492847e-04,1.647979320689791152e-02,4.803022696474475162e-02,1.923480838813688602e-05,5.318331728780958945e-02,5.512775423484009979e-02,7.977591504286429477e-03
1.935884718847376632e-02,1.054061612905325164e-02,1.819870154331750256e-01,6.491185053029749352e-02,2.237276886846602808e-01,1.331363074460576242e-06,0.000000000000000000e+00,7.203634066916303480e-02,2.705987029004173691e-02,6.465677198132194214e-02,2.065063417440695381e-01,4.657483640783401961e-06,6.741365409034914694e-04,2.383060284943668353e-02,2.584059978313597156e-02,5.218467666030218027e-03,4.061708292762038902e-02,3.302732555725074876e-02,0.000000000000000000e+00
2.134249251728461902e-02,4.180798829594846271e-04,1.154258045030096269e-01,6.331379352105258318e-02,2.082783470038269413e-01,1.309827626841276923e-06,0.000000000000000000e+00,8.734336444177255576e-02,3.635897791549871135e-03,1.769766193346092864e-01,1.439161596447948721e-01,1.160907781618110617e-05,8.366376919367641716e-04,6.932620482293998243e-02,3.437006105058727085e-02,3.401378764935056228e-05,2.654243919532115609e-02,2.856743869632293389e-02,1.964776878742253985e-02
1.738457955544488870e-02,3.673880111336011445e-02,1.495352095890501998e-01,3.439618142090949265e-02,2.172686386664704206e-01,1.032707707501221140e-06,4.066586408345479262e-08,3.570122936628259552e-02,1.242297883417399669e-02,1.409969936834932769e-01,1.773089170976527018e-01,0.000000000000000000e+00,1.665806594384783073e-03,3.011750339135529919e-02,1.037124839921753881e-02,2.354072422771205165e-04,1.831810583299020578e-02,7.573368956373571770e-02,4.177791396321571538e-02
1.662371954532352453e-02,1.657669476951986742e-02,1.134026519679366546e-01,5.945825664686985729e-02,2.147640724425642078e-01,1.182656757185850959e-06,3.122512030747088650e-07,4.007371468368971928e-02,1.020868620706873566e-03,1.340858774350879856e-01,2.176079874613398579e-01,0.000000000000000000e+00,7.953333277045495416e-04,8.027487916804366963e-02,1.930101172300621617e-04,7.442545604000787383e-05,1.279554318520973247e-02,3.692464125361474836e-02,5.527544753322285315e-02
1.446905087035378623e-02,1.759449620569894859e-02,1.201868863788639746e-01,1.705729201255434119e-02,1.636211960696304091e-01,1.040390515718777577e-06,2.521402195917444872e-03,5.497223713244153709e-02,1.439780958232593196e-03,1.359311206551855056e-01,2.183073448363777591e-01,0.000000000000000000e+00,5.564855011676117600e-04,5.830190903260334956e-02,5.830868317861884502e-04,2.340925723329154509e-02,1.029341340234282828e-03,4.328110272836964423e-02,1.266746361333260518e-01
7.028414399782300336e-03,1.020034670246250733e-02,1.179533035913670896e-01,5.339587066592737380e-02,1.636254873367317952e-01,1.641451215528954749e-06,8.213159936337671718e-03,9.847140768981686916e-05,1.192275566760948521e-03,1.110251350237493190e-01,1.860376136339274011e-01,0.000000000000000000e+00,3.851775605672613941e-04,1.346973102256290855e-01,2.261314711441918506e-04,2.132879172784209643e-05,5.107050845029364105e-04,7.224752805302435410e-02,1.330389556866793943e-01
1.500012132284550548e-02,8.070688611768933596e-03,1.332703124741686784e-01,7.906643816046983464e-02,1.936946346476024483e-01,1.201281745116391219e-06,2.297238967953613967e-04,4.896070872215452973e-05,1.237819696792040979e-03,1.220386668076229447e-01,2.013345311011095484e-01,2.199545170929599036e-05,5.117941187499901873e-04,5.828124938073676181e-02,1.688155684803883082e-04,2.430316772576004966e-05,1.891827415381974427e-04,3.302723232703528439e-02,1.536819655469381651e-01
5.672911849942838432e-03,4.278130560646200062e-05,1.094675482355566137e-01,3.768703665592508523e-02,1.536671811890490680e-01,9.978256057879035102e-07,8.499464243990043424e-03,4.315215970194739555e-05,1.594142948494919106e-03,9.854384833910777297e-02,2.295631473694106084e-01,0.000000000000000000e+00,4.809985417577780208e-04,1.667040278363217942e-01,1.163471332956683798e-05,5.057554906053577564e-05,2.417449648332553722e-04,3.648509579701013361e-02,1.511623164063851388e-01
2.483550512845087745e-03,1.588507790308162776e-02,1.146542940818548878e-01,3.864161086246621635e-02,1.868755320375174445e-01,0.000000000000000000e+00,1.256248071206190163e-02,3.483556581425243195e-04,1.852802819329197768e-03,1.383305058928868403e-01,1.912937215221207354e-01,3.046123615437254151e-05,4.582314091330539035e-04,1.496032650279727760e-01,3.310919686927041539e-05,1.787769471569609187e-04,9.132804545211846165e-04,4.765035930461646724e-02,9.820689096378948379e-02
1.392617156625810919e-03,1.025327807907199613e-03,1.133534428613294509e-01,2.071040504180942515e-02,1.770168133931482313e-01,6.192337467632024701e-07,1.030019097088220002e-02,3.027937889385735274e-04,1.270194239640274518e-03,1.884995788278447382e-01,1.944734384620875611e-01,0.000000000000000000e+00,2.509358086165112967e-02,1.021635516905451124e-01,1.246561810199919179e-04,9.704851317710336083e-05,3.634891516625750655e-04,3.254892921187872018e-02,1.311000652184778070e-01
8.183099425687448067e-03,9.113902210950966445e-04,1.313156659321535746e-01,2.560648998308808627e-02,1.839328929864378348e-01,0.000000000000000000e+00,1.380020693113740912e-03,2.317307489427153052e-04,2.190953207218816583e-03,9.487406162327242931e-02,1.879880237038613067e-01,2.855212643177156531e-06,1.205259761295383696e-03,1.806365659724410433e-01,3.831641012310017910e-04,2.448700811994828849e-02,8.845820980036701430e-04,1.595854910404804691e-02,1.398097476739562084e-01
7.470346257691333654e-03,8.500756428370410261e-04,9.594684879459862425e-02,7.505398434595525470e-02,2.022086255117772347e-01,0.000000000000000000e+00,2.933108782362258207e-02,3.393836317476651532e-04,2.098353626093116871e-03,1.484792876179840404e-01,1.984435032944491806e-01,0.000000000000000000e+00,4.133697625222695210e-04,1.019661242604083945e-01,2.838090352475313946e-04,5.309652119188184948e-05,8.028694000594685173e-04,3.567522741311511536e-02,1.005730630528612890e-01
1.693061501608929134e-03,9.241224672781631760e-03,1.204027097136585317e-01,6.751168773079825602e-02,1.977100775568472191e-01,0.000000000000000000e+00,9.988985636860143319e-03,3.784972441249787414e-04,2.265528776792575735e-03,1.101332201050719828e-01,1.835578093261784616e-01,0.000000000000000000e+00,4.184371619835890502e-04,1.110075451063950031e-01,2.412616810345545896e-04,4.882154670503385628e-05,1.039254885535293403e-03,2.947491157440926615e-02,1.548819708708178422e-01
7.858782388753612555e-03,5.082828897961452763e-04,1.290083379166933053e-01,1.155256224425420253e-01,1.473286772144498380e-01,0.000000000000000000e+00,5.464314934249177866e-04,5.600387988694349121e-04,7.609266725120740092e-04,1.433657077984913375e-01,2.393635602112736127e-01,5.459416783415075816e-05,4.792391158182934428e-04,8.640225782210310401e-02,0.000000000000000000e+00,4.241922528211771679e-05,5.080043091585775871e-04,8.924338678799938543e-03,1.187821157198220012e-01
9.965270072939728940e-03,6.403320001511324374e-04,1.011785063005364721e-01,1.195713861208968359e-01,1.822498656389283100e-01,0.000000000000000000e+00,4.684532786563957237e-04,2.055877129390373370e-04,8.842541100514036533e-04,1.297729708306943619e-01,2.572040702531266931e-01,0.000000000000000000e+00,7.892454852616310860e-05,1.053838791600040792e-01,0.000000000000000000e+00,8.130775234498069316e-05,8.128956343719609965e-04,1.530110723377314276e-02,7.634822734605718753e-02
7.019821322586944877e-03,8.728251668576566310e-04,8.109060345970106609e-02,6.889148540972923895e-02,1.899824191945880814e-01,0.000000000000000000e+00,6.382223105029404464e-04,6.235535432313895569e-04,1.212924093659637111e-03,1.243432023245478607e-01,2.374771258534416063e-01,0.000000000000000000e+00,6.767498372754518054e-04,1.546544949342303077e-01,3.499336150238474140e-04,4.807895891254775078e-05,2.485445537062764784e-04,3.102122839845978045e-03,1.286202096201269351e-01
4.839713927092121649e-03,8.584454533020259050e-04,8.756406796324801844e-02,1.097991222784911597e-01,1.741413606631914690e-01,0.000000000000000000e+00,4.150493591418661114e-04,4.117413083471709034e-04,1.137587198699790796e-03,1.518208788618029548e-01,1.871722828044280196e-01,0.000000000000000000e+00,2.045454745541023817e-04,1.700620458514682520e-01,1.000804017043806574e-03,6.965518190517532710e-03,9.151704879742714313e-04,1.401513299708181731e-04,1.024604194137225949e-01
8.928591052516357193e-03,1.452381159926677788e-03,1.035238085095481902e-01,2.780598932123072922e-02,2.014725327047610370e-01,0.000000000000000000e+00,1.067269953653885274e-03,8.070122951177805459e-04,3.032835091656401437e-03,1.352798971375003545e-01,2.568580179201082059e-01,0.000000000000000000e+00,2.562839077684880363e-04,1.671983480071883854e-01,1.746408762591633687e-04,3.600373437935588429e-05,3.151107238824041076e-06,2.237317610639753124e-03,8.976801805279642499e-02
1.092716652731320383e-02,1.005450157346662573e-03,9.146437877812403638e-02,7.594858683421568113e-02,2.017735760880489115e-01,0.000000000000000000e+00,5.723001182238595004e-03,3.539222840663106256e-04,1.437649351024708911e-03,6.238028281498287503e-02,2.592139122441320942e-01,0.000000000000000000e+00,5.473156815318699344e-04,1.237883019617039559e-01,2.526533153680847639e-03,5.200504899584673489e-05,3.704110691497328189e-03,9.429615556705165172e-03,1.497085901322038337e-01
9.561512708062235022e-03,1.231590550477501544e-03,9.132642835848613083e-02,7.073674299202953319e-02,1.847612901306395494e-01,0.000000000000000000e+00,4.168994796421981184e-04,5.536948026107959414e-04,8.117896025914237432e-04,7.264776137451595117e-02,2.559838735036946700e-01,0.000000000000000000e+00,2.234559843508874568e-04,1.522150137368026013e-01,2.056273335010897288e-04,8.250130582080342960e-05,1.373758659573172218e-02,1.049340141883340835e-02,1.350754801741690936e-01
1.010623055621686327e-02,4.173155688157193996e-03,8.904290804583835095e-02,1.040712753080934583e-01,2.760279017716877337e-01,1.521705725325488069e-07,1.679872508548996323e-03,5.727022984431208224e-04,1.197912614339178596e-02,1.036473854895291757e-01,1.799636136252452945e-01,0.000000000000000000e+00,4.078139694451520913e-05,1.184484299492280651e-01,6.071263146330332103e-04,3.817521005105995992e-05,1.429828193455369954e-02,1.803857405739876340e-05,8.512082775573083515e-02
8.470917578117733923e-03,8.720706425956737924e-04,7.946697790908313630e-02,5.267350850077682362e-02,2.410184981023203166e-01,0.000000000000000000e+00,1.438464519305938938e-03,4.434982323405867806e-04,1.232324325859661656e-03,3.594914962298836891e-02,2.606919464530867425e-01,0.000000000000000000e+00,1.274594495526916904e-04,1.280371523794417432e-01,1.988024313651929817e-02,5.528991817059495962e-05,2.293404413882714488e-02,2.640969680750237820e-03,1.440545466099550642e-01
9.598353303585221638e-03,1.563304598939494524e-03,8.153031772357265117e-02,5.628312079563810993e-02,2.130288304803682198e-01,0.000000000000000000e+00,3.882997200844639975e-04,3.937312951380781225e-04,1.451437780606345488e-03,1.018487926032990570e-01,1.855566542634860261e-01,0.000000000000000000e+00,2.269336987872980628e-04,1.317712811000762985e-01,2.021020879372988771e-02,3.813732155170599519e-02,1.242911238987114142e-02,2.362633722147595029e-03,1.432620332575148536e-01
1.442059828207850267e-02,7.520700381487272065e-04,8.311497120608969669e-02,1.075550810013835151e-01,2.419973126807639374e-01,0.000000000000000000e+00,2.165164694970377925e-03,7.167979682563211784e-04,5.068446015316196551e-04,9.242250254510671337e-02,2.187087476162747068e-01,0.000000000000000000e+00,5.150554617646204043e-03,1.007578015749097111e-01,2.089140342238769325e-05,1.892495459121437337e-02,1.368586420999081191e-02,8.607352320061382317e-03,9.045577404659005394e-02
2.738105586976410846e-03,8.406818395627912738e-04,8.990132161982829218e-02,5.355328416661096769e-02,2.258933298801277800e-01,0.000000000000000000e+00,9.222014789099342025e-03,5.967698050322200630e-04,2.269860322415331866e-02,3.152484603633432664e-02,2.140398244284647811e-01,0.000000000000000000e+00,0.000000000000000000e+00,1.523946905451442346e-01,4.279959807683011291e-02,4.545359968971176824e-05,1.145561608508815013e-02,2.745348171002305084e-03,1.395790620041284513e-01
1.159764711670068817e-02,1.567925361307719381e-03,7.440270168263135586e-02,8.610353672495799082e-02,1.842399374186319549e-01,0.000000000000000000e+00,1.387292810782993070e-05,2.784653433389554494e-04,1.049371613024518198e-03,7.685479279769187599e-02,2.564445676514918726e-01,0.000000000000000000e+00,8.241462367952542421e-05,9.211733238749625352e-02,2.552032057500342545e-05,4.115662088554931930e-02,3.175850219417520465e-02,7.110055076145796156e-04,1.416328383091171317e-01
1.053666804243993255e-02,3.742630340060771037e-03,9.835341653336282519e-02,1.141835232056753607e-01,2.112769653389887370e-01,9.667898761496661329e-08,1.547146458037145997e-02,4.675504699211753849e-04,2.120203211141204538e-03,6.782882231288078767e-02,2.178274627637635519e-01,0.000000000000000000e+00,1.024230887766879429e-03,1.126369034850562695e-01,1.253657645885016339e-02,5.923517820709887607e-05,2.262381119274007452e-02,1.501836165162575122e-03,1.078029504347681744e-01
9.186895146260823375e-03,7.430493518665464998e-04,5.798063682443598682e-02,7.640221612557510089e-02,1.967830377318408319e-01,1.278552820190740368e-07,3.482753099224269066e-06,2.523249784294068904e-04,1.571207382672587874e-03,8.951431929321600200e-02,1.937321616297925653e-01,0.000000000000000000e+00,3.198658135083712328e-02,1.605239123805025092e-01,1.513606988976057798e-02,5.813257632315347169e-05,4.034395392820629145e-02,9.494258670596888560e-04,1.248222044615597964e-01
1.939682837703994578e-03,4.453187696139583596e-02,5.963321656036014301e-02,5.439932641537399000e-02,1.851373091826729045e-01,1.912400493745145564e-06,1.060332570250980752e-03,1.261074092065654466e-04,3.615067547851489455e-02,3.978868154213884012e-02,1.935107234445879731e-01,0.000000000000000000e+00,7.287494387389946426e-02,1.149256616810128279e-01,4.566002051473705414e-02,1.537413120318802508e-04,2.427721358036658353e-02,1.323544930708066454e-03,1.246345999747594940e-01
1.241160717182972217e-02,6.378407326992215076e-02,1.036270967508155505e-01,9.269944272804508945e-02,1.625729645655580036e-01,4.106146158780322642e-06,2.719560037370093337e-03,3.778335467542383460e-04,1.515505517036275229e-02,3.504097602632792047e-02,1.601833613518139909e-01,0.000000000000000000e+00,1.427666084505369200e-02,1.573652513792817287e-01,5.343813205529087534e-02,2.044824650690029583e-02,3.625999335886536529e-02,1.948375192323746142e-03,6.770294532987897185e-02
7.064392996557982037e-03,6.160817028744251800e-02,9.491484999209759410e-02,9.993595402143393147e-02,2.319028235565423757e-01,8.135081352024446806e-07,9.000260729704912324e-03,3.106986000437082828e-04,2.729400213075418996e-02,8.649581069830009766e-03,1.816040198170272013e-01,0.000000000000000000e+00,3.784479261076541257e-02,1.018262268332498083e-01,4.247018065061184539e-02,5.622061804712126038e-05,1.818700915516408001e-02,2.050846290953745737e-03,7.524906900205670379e-02
1.469492805817611183e-03,7.517583215350530368e-02,7.747671369007061437e-02,3.706576311971009063e-02,2.471672735138286392e-01,3.883424369150230553e-07,1.277597191642919697e-02,5.828193100682214694e-04,2.924806650362764358e-03,8.327344755712115520e-02,1.868319666026317938e-01,0.000000000000000000e+00,3.081502918524476470e-02,1.343841561743399915e-01,7.821263219286458956e-03,8.763109088352469321e-05,1.266459079141231750e-02,1.203031473708129385e-03,8.827388090481168292e-02
1.283436381385894669e-06,6.754583000957642414e-02,6.497530892680866699e-02,2.071256593434423615e-02,1.683005496750969721e-01,1.093506770591607395e-06,5.804125057337226369e-03,2.149432909857544182e-04,6.193792779567344059e-02,7.371063926019431889e-02,2.221961433252949702e-01,0.000000000000000000e+00,1.896445771448880199e-02,1.212619986612060857e-01,3.581169272942794773e-02,6.287290838462043026e-05,2.669470410109972200e-02,0.000000000000000000e+00,1.118240039982602713e-01
1.204829544840920266e-02,5.994707015482673984e-02,3.871683459550319395e-02,9.650911919171269171e-02,2.250565649212028785e-01,8.645537523887556187e-07,1.128484254682049015e-03,1.714465519602287823e-04,3.232077487281138917e-02,3.279445986710707167e-02,2.343308999872475429e-01,0.000000000000000000e+00,3.201309289452856227e-02,1.468960947874853318e-01,1.890862808659944314e-02,6.448246725589930675e-05,2.886546666795846219e-02,1.183531766222413462e-03,3.903657063384927128e-02
1.382229197841821928e-03,5.549095933672481412e-02,4.196417749817540899e-02,3.089948210962252875e-02,2.537181516630703793e-01,5.156661609636930528e-07,1.396732799368793215e-02,1.239356890057894463e-04,7.613478379406007912e-02,5.760253892784886892e-02,1.561350308164284884e-01,0.000000000000000000e+00,3.315043543909585583e-02,1.402060078811351029e-01,1.599307086996279437e-02,7.544953314540156746e-05,4.504207422359644830e-02,9.874741122578951577e-03,6.821932500034368074e-02
1.406828501004717905e-03,1.109559150069523575e-01,8.103501630627657493e-02,4.704810664802146908e-02,1.624187914127337706e-01,7.809838256477461492e-06,1.164426348346542066e-02,3.254001075562917757e-04,6.831419110923588056e-02,1.924740116162356601e-02,2.094308812615129911e-01,0.000000000000000000e+00,4.357519550680839793e-02,7.503623938979041286e-02,5.160751781322558962e-02,7.163363462494779085e-05,2.470557490503009004e-02,1.041072995980387664e-03,9.209269840781383887e-02
1.459504597779606380e-02,1.117460036883971275e-01,7.855428915100098886e-02,3.398503349304535931e-02,1.506807277097569064e-01,1.031112703768223928e-06,1.132896560616442581e-02,2.899414349841895043e-04,7.382408412313713753e-02,3.328089094675949593e-04,2.241464506089126951e-01,0.000000000000000000e+00,4.170562163077207174e-03,1.442201361106243140e-01,4.455470380872076502e-02,1.054284373733601390e-04,1.783033521335309138e-02,1.194132976979345607e-03,8.849580572726045702e-02
1.410186354529970390e-02,2.575580070223663573e-02,6.574639685901892405e-02,4.710899335753628014e-02,1.839943179803585627e-01,0.000000000000000000e+00,3.734268684150548502e-03,2.481100492224722434e-04,9.488417180859992639e-02,1.649841485518124470e-02,2.207370895514456366e-01,0.000000000000000000e+00,7.519462090468437623e-03,1.565193951548323192e-01,2.205503573371803833e-02,8.143302343275910134e-05,1.753237659132106385e-02,1.407807273695468701e-02,1.094142612941974430e-01
1.602677855651229652e-02,1.001278121053001680e-01,7.279416543924047134e-02,2.129725219208554107e-02,2.427323959222053573e-01,2.627580033931031073e-04,8.346677579258507743e-03,2.951812392074277288e-04,2.029157394572151871e-02,6.101075697347450172e-02,1.547820858718808035e-01,0.000000000000000000e+00,1.054107235552750529e-02,8.293157444679748191e-02,2.419997627767840262e-02,2.968093568281837680e-02,2.092846846911310121e-02,2.221353923531545552e-02,1.115246094420951906e-01
1.897532247730430955e-03,9.740207594482785947e-02,2.548918823821801766e-02,3.971226600322069061e-02,2.343332307737028830e-01,3.707611451528949220e-05,1.920380264889562719e-02,2.025249425226308933e-04,5.636914402622810599e-02,3.375617809094656058e-02,1.727992145066645779e-01,0.000000000000000000e+00,2.943694232283542572e-02,1.043045588905004706e-01,3.683138758060225393e-02,8.252896090609198113e-03,1.810997546951043438e-02,2.417784750885879769e-02,9.770415765819005782e-02
1.877967711515516128e-02,1.354078407554773489e-01,6.566580504289806774e-02,7.407452802448487306e-02,1.933463762137394570e-01,5.744055378444803245e-05,3.488962532029348668e-02,2.904140933880656875e-04,5.399584444537210148e-02,1.100909267401811720e-02,1.785952682245475764e-01,0.000000000000000000e+00,0.000000000000000000e+00,1.112571160802548892e-01,2.396716734314875696e-02,9.726967331065994597e-05,3.975376014451460771e-02,2.284593902231523560e-02,3.630860642575716585e-02
1.722045318491037535e-02,9.422978998641436121e-02,2.565825088639127338e-02,4.593597298494808689e-02,1.759049495148208020e-01,2.380734474149048828e-06,1.560734048588907977e-02,4.687214590316159547e-04,7.480771624296653211e-02,7.834133651785891994e-02,1.983021030808548302e-01,0.000000000000000000e+00,1.045898461738671917e-02,1.171546540079270587e-01,1.964208943836225768e-02,7.109878024973954359e-03,3.387197285775615796e-02,2.367621915540989684e-03,8.290858250426813569e-02
2.583349976026531533e-02,6.384718478023852783e-02,1.345633083336542600e-02,1.065264114995692624e-01,1.564299742204584287e-01,1.014985071603272973e-05,1.357268301860933618e-03,4.451362273837274086e-04,1.143372622841209718e-01,3.465685184114235956e-02,1.533122408367322831e-01,0.000000000000000000e+00,1.690001740366635363e-02,9.351964897153122735e-02,5.864402013678905734e-02,2.189301553354820566e-03,1.699203627515772155e-02,1.721416263343308536e-02,1.243312139081402812e-01
1.983024514823540987e-02,6.705384280574214206e-02,9.759308581009156977e-03,9.679080646448787184e-02,1.951228610385980777e-01,4.688058291043939132e-05,1.980579399644916486e-02,1.234571315422054532e-04,1.170536760412432403e-01,4.122092786157021543e-02,1.797328473664354109e-01,0.000000000000000000e+00,2.357447696275064702e-02,6.770452407028799968e-02,5.934832770036891150e-03,4.027435633319222802e-02,1.650646788082044125e-02,1.139190763532910069e-03,9.837189504247799421e-02
1.003609875116909245e-02,6.669684772922469806e-02,4.322053668638823481e-02,4.717257382371459890e-02,2.117420768051328783e-01,8.621440413565218425e-07,2.216239595449692387e-02,7.687554615812919139e-05,7.900219248203249611e-02,1.135839933727596507e-01,1.590473450389583709e-01,0.000000000000000000e+00,5.089358395453036366e-02,8.087237433781473139e-02,1.331218121345519381e-02,6.634173353807398571e-05,2.030675273612953316e-02,1.958411782569426541e-03,7.985554132122589521e-02
2.128397147755634738e-02,1.387417866099195096e-01,8.255443281088754165e-03,2.633015853812178259e-02,2.308578357112561763e-01,1.071644675120524104e-06,9.023099384999098277e-03,8.276035470994350617e-05,4.604925113607814813e-02,1.198736738101049554e-01,1.873730811340879876e-01,0.000000000000000000e+00,2.741432925416584579e-02,7.373962052363428055e-02,2.000718549554308598e-02,8.840318308983809083e-05,2.997323575415176272e-02,2.598679726513865307e-02,3.490862638253511285e-02
6.100788745338113495e-02,1.277880623999507193e-01,3.200296758855782769e-02,7.256138153107195843e-02,1.278865229923520641e-01,7.793294944444491412e-07,4.423024764315345182e-04,1.096588036222741072e-03,4.612977428827539500e-02,1.605226925078155620e-01,9.755992586509307229e-02,0.000000000000000000e+00,4.980557234838954572e-02,5.297458366638086585e-02,1.297781111028648016e-02,4.274620871490178442e-02,8.931986466120287599e-03,5.896050313823123640e-02,4.662402616182657888e-02
1.655311649793720155e-02,8.934758981847649995e-02,6.912583355033810606e-02,2.290696232874150917e-02,1.829292341677919154e-01,1.340854837954236947e-06,7.712896768151158685e-04,5.950718782357643265e-05,4.775474823324595691e-02,1.840832161993740945e-01,1.182711594072259481e-01,0.000000000000000000e+00,5.267384197657200978e-02,9.368248823909385015e-02,7.415132121994996034e-05,1.522517109495590687e-02,8.839113723244321208e-03,2.136102270337045944e-02,7.631177483303810960e-02
5.039021556636031490e-02,1.413750329359941549e-01,4.069202111552577134e-03,4.596505262450106821e-02,1.780206109506695111e-01,2.976803050603720399e-05,3.929421809029443914e-03,1.593545167682786470e-04,6.507783104260496387e-02,1.527212291272805611e-01,1.729129561328220099e-01,0.000000000000000000e+00,2.863676552039119000e-02,5.723034886883121564e-02,6.502380597657957291e-03,1.763418757573627848e-04,5.571411268604275178e-03,2.302556622512167122e-03,8.503961189192280057e-02
4.320831845744595862e-02,1.335656561869171532e-01,5.436293148783556684e-02,1.063282733796215296e-01,1.121720676404728972e-01,1.934431273519128264e-05,9.893714120972341153e-03,1.206308634604203128e-04,7.833616649716490521e-02,1.040835365919941802e-01,1.371911832737463810e-01,2.184214034732826718e-06,4.778517659866271527e-02,7.300835508755558478e-02,4.916931614951631536e-03,3.469009940805565378e-02,5.205533512205003273e-03,1.697193095850178107e-03,5.335868376702176952e-02
1.088443116604932565e-01,8.700387122217896618e-02,6.836952783445048726e-03,3.333550638207551098e-02,1.725710411730282945e-01,1.920458683533557720e-06,6.981373912288933552e-03,7.895042860963710221e-05,3.040147597255377088e-02,1.955768543941059923e-01,1.510804112160902546e-01,3.361260978022874566e-06,4.766304452779513562e-02,8.234257604316971846e-02,1.637177076335587927e-02,2.741469446010890566e-06,5.734626030668547175e-03,1.377636360708526901e-02,4.103788856614268288e-02
1.205531504159227385e-01,1.148959260949648925e-01,2.241971056723393932e-02,6.717903020089770194e-02,1.674265680253707866e-01,7.395477047067950196e-05,1.766304283249795588e-03,5.575339724665794071e-04,6.334338158363016398e-03,1.264873500745892498e-01,8.449006327197765287e-02,8.147646655263797479e-06,6.310751617758252052e-02,1.329652162506787250e-01,2.857354334637224498e-03,1.420184795924917453e-04,4.172046353237675656e-03,1.099632317862355053e-02,7.349854462509385067e-02
1.031029509083907503e-01,7.901672496583136973e-02,5.131163250469699885e-03,2.260272335783283446e-02,1.025453514457417697e-01,9.417670198564247769e-06,3.717286837000548932e-03,6.812701738811977742e-03,3.089373079226403682e-02,2.112286804887287817e-01,1.200949776384785950e-01,6.137510501619177037e-07,6.180034961259241871e-02,1.126819986820247060e-01,1.846052235693660271e-03,6.751818328381335721e-02,6.290193017069134647e-03,4.793728813395104447e-03,5.989984685147825560e-02
1.253452897541509903e-01,1.197737884120960439e-01,2.204904565774733205e-02,1.184783509158701155e-02,6.845469534041828674e-02,2.684568607666506506e-05,8.582640786841094879e-05,8.884276330384754256e-03,5.630355487034988810e-02,1.338513120853299654e-01,1.177707838949115238e-01,0.000000000000000000e+00,8.803083133305462937e-02,1.221946266233682743e-01,1.916230293007642992e-03,2.790456954864917790e-03,5.922350408412190188e-03,8.163983211445126342e-02,3.311555534903035114e-02
1.386376485386101587e-01,9.929036677995750626e-02,4.073451228348026754e-02,4.110859288331113887e-03,6.385265727951239256e-02,2.302594812108543727e-05,1.319020245842936786e-04,1.325673688741980591e-02,1.301898249140953472e-02,1.676458593449191847e-01,1.441077137340252279e-01,5.268051044846885016e-06,7.016207744618484232e-02,6.848545720296893291e-02,8.345888051793317773e-04,4.556024576423292984e-05,5.693671025481544801e-03,8.752611418994289683e-02,8.242451607169834493e-02
6.866584744935552709e-02,1.610743985341796802e-01,2.952802304158933661e-02,9.765704164256257085e-04,1.346558369715779580e-01,4.731548366648022386e-06,9.301416082944006467e-06,3.142066637874751933e-02,4.234091332327562240e-02,2.258362271340758898e-01,1.273039523679362350e-01,0.000000000000000000e+00,6.256306371159603419e-02,5.803142291211071252e-02,2.036453233066758736e-03,8.568471774348637801e-07,4.167366766547631399e-03,2.748564663009799014e-02,2.385009237694048906e-02
1.090649826582167498e-01,1.181580033045209893e-01,2.379113560109748487e-03,1.040418424724307792e-03,9.569402865413174919e-02,1.426019723252265039e-04,6.142987072848435632e-06,3.194065048014444602e-02,6.351430070417239887e-04,2.271851214423510623e-01,1.152744090845182201e-01,4.990125502364102889e-07,4.744548762982963436e-02,9.935425629233793354e-02,1.558695012504311087e-03,1.984100477806744964e-02,2.238992933441041888e-03,8.702266490570247093e-02,4.101692821208859779e-02
1.604701905400891249e-01,8.284073748793037428e-02,8.982963930783145062e-03,5.047246122998823997e-02,6.370406080406605664e-02,5.172635818153851605e-04,0.000000000000000000e+00,6.541211599044680081e-02,6.536818381813034977e-03,1.350967415450803621e-01,8.799231866142548375e-02,1.116794394722376293e-05,7.148969981908939730e-02,6.570928728724649559e-02,1.070954453734917740e-03,3.443653288766244339e-05,1.330843911957520741e-03,1.006909655022335814e-01,9.766510909886548519e-02
1.849850879984053786e-01,6.039961252768441535e-02,5.164654340427708712e-02,1.111917557922696784e-03,5.364003620687900903e-02,2.179396909373356743e-05,1.155888421462073719e-05,7.333583258620061940e-02,1.012010711240752224e-02,1.601737670169725569e-01,6.745364483493945795e-02,6.232159473771876467e-05,8.477775990618514890e-02,3.131344755835872851e-02,1.167532998956964012e-03,1.850584612895342720e-02,2.008755664342408431e-03,1.022657185349603176e-01,9.703835114672924866e-02
1.802023152311724996e-01,1.307080550188494950e-01,6.016460557894766142e-04,1.542766222648850197e-03,5.910895508267709902e-02,2.218273941726918983e-04,0.000000000000000000e+00,7.956291650763737400e-02,1.426503013580132000e-03,1.666614323422077881e-01,5.301469241245646002e-02,1.154503144184799816e-05,8.141392117955993657e-02,1.071097650089723186e-01,3.680624250215200951e-04,1.040095806716929696e-05,9.237031569922744345e-04,9.541772741595194729e-02,4.165442185272831555e-02
1.687038019096770702e-01,1.168085579391009432e-01,4.116533572947306957e-02,1.290314596950395453e-03,6.796443058601037146e-02,4.199941790579171143e-03,0.000000000000000000e+00,7.056947227296445080e-02,2.321879096108361504e-03,1.031600027374573181e-01,7.809943197197481701e-02,1.160904646946357742e-03,9.122176454657253408e-02,5.495630831205474548e-02,2.938615387733174451e-03,1.950283990810498130e-04,1.713787911713301679e-03,9.828186617582275464e-02,9.518407632539054031e-02
1.739564758046404369e-01,1.268300124000045492e-01,1.768824912243557119e-04,6.301452806068406909e-02,2.769080408774975480e-02,7.061230000556482922e-02,0.000000000000000000e+00,5.568147227340907585e-02,1.912603560567753590e-03,1.178182754907465685e-01,4.629193293097382672e-02,1.414351106954728557e-02,9.666482023700635751e-02,2.679941316440824853e-02,4.177892148442662458e-04,1.386975073070623524e-02,6.661218671605468071e-04,1.411848729056665031e-01,2.228060935358142786e-02
2.248258496192897249e-01,9.727206729209746106e-02,1.296070780846191386e-02,1.046176608906037447e-02,1.889407225934652823e-02,7.717132137275110881e-02,0.000000000000000000e+00,4.889263345930703469e-02,7.861269272260269173e-04,7.354423497990857095e-02,5.516762230507366721e-02,4.913367267167481796e-03,1.081311840850519290e-01,7.851045249923185865e-02,7.510813615344842219e-04,3.750160144116105113e-03,2.652216764220225939e-03,9.334793717031575344e-02,8.796521427639920898e-02
1.486932397087953328e-01,1.880101029755951725e-01,6.409530064102678115e-03,3.098769549641555363e-02,6.487526056932110818e-02,5.305860701721692996e-02,0.000000000000000000e+00,2.980832384269018181e-03,4.180298354639807798e-03,8.695822165062228049e-02,5.165630040785954002e-02,5.561079338558772012e-02,1.142731808906674584e-01,5.498830014660626569e-02,3.590654836937045473e-04,0.000000000000000000e+00,6.334103355224514516e-04,1.164506824428004766e-01,1.995494289837795865e-02
1.748668453654075583e-01,1.498746317944653073e-01,2.515221495954169176e-02,1.037550490129460351e-01,5.390967885499621526e-03,1.711708280801450544e-01,0.000000000000000000e+00,3.666586470775599210e-02,5.046052059548318189e-03,6.050931797763744666e-03,4.288842429870150935e-02,1.226695704152600333e-02,1.230153413021519704e-01,1.355309066083891685e-02,2.482337201900929741e-02,0.000000000000000000e+00,1.498147921321472693e-03,9.583945439915696196e-02,8.142348866960580356e-03
1.934632180440931937e-01,1.304207135867883616e-01,4.157810642766777802e-03,8.199571975595575102e-02,8.578696890480804567e-04,1.248771536534379056e-01,0.000000000000000000e+00,1.419042736588257535e-03,2.170515642854612727e-04,6.929609508584860626e-03,3.081065760954377827e-02,8.345380005970746973e-02,1.114118424663181478e-01,6.108500416550063927e-02,8.648479810307227716e-04,0.000000000000000000e+00,6.284341060437581734e-04,7.703696160196513154e-02,9.030642701296436037e-02
2.008126756768065790e-01,1.854243262006894100e-01,1.260577664821559867e-04,4.354378972851639940e-02,1.087713635473606163e-03,1.198873310139279835e-01,0.000000000000000000e+00,2.052646361921043466e-03,1.540919088752352875e-03,2.029933917111572707e-03,2.477937030467022503e-02,2.537845167153180911e-02,1.051836611360266460e-01,9.472912825036267082e-02,1.635706005640957979e-03,0.000000000000000000e+00,2.523791478469683959e-04,8.914734261938546400e-02,1.023695338111888092e-01
1.943178893264748963e-01,1.583338177444875428e-01,1.554634091745539656e-04,6.461061164202083762e-02,1.756549028412624132e-04,1.530725327342696007e-01,0.000000000000000000e+00,9.412034928662665380e-05,3.616584606380903334e-04,3.728743782206907394e-03,3.669101821895120324e-02,5.291747031368229659e-02,9.550175150105316701e-02,9.715290082261679450e-02,2.720844354653951538e-04,0.000000000000000000e+00,1.042790831320697186e-04,7.540036605688929527e-02,6.710187317139208740e-02
2.103142351085806050e-01,1.118770216307610893e-01,5.226181300973777250e-04,1.462300334980026414e-02,4.417843686459671515e-03,2.063541923806662404e-01,0.000000000000000000e+00,1.059910210302042553e-03,3.658524350077682792e-03,1.379898270373541760e-03,3.597404218263587639e-02,7.506387830943739292e-02,9.883941347137920053e-02,1.234346305265674182e-01,1.069582564217941810e-03,0.000000000000000000e+00,5.845812702960223595e-04,1.953514028314129805e-02,9.135933848947283553e-02
1.525142054686723647e-01,1.562504559295647688e-01,5.611928676851654987e-03,1.846969698855335795e-02,6.612962567424135896e-04,2.369502696634169236e-01,0.000000000000000000e+00,1.521380792046542244e-05,1.988740720170516663e-03,2.272725768353329491e-03,1.786363584812569044e-02,9.249713133501197282e-02,8.464438250442907208e-02,5.567399353631737047e-02,1.970506522394249727e-03,0.000000000000000000e+00,1.058198542459241447e-04,8.788134471702858941e-02,8.461662129350167039e-02
1.939548497933148707e-01,1.198920294049307389e-01,8.075583217437343252e-06,8.154866694253290471e-02,6.521008577430326006e-04,1.875798172353980720e-01,0.000000000000000000e+00,3.901918416814262346e-05,2.865835927595787244e-03,6.098868776417421802e-04,1.465937350429555763e-04,1.119536259854372467e-01,8.128202994002242665e-02,7.111362120460110181e-02,1.454410450885021324e-03,0.000000000000000000e+00,2.991987798790484836e-05,7.775275399874917448e-02,6.909864805207595329e-02
1.767277317489458210e-01,1.694181563875215291e-01,4.538105692991686348e-03,1.059537541218613238e-01,4.866732914506433712e-04,2.374433165334301488e-01,0.000000000000000000e+00,1.015374627500281058e-05,1.620546238226907871e-03,9.556081286904369310e-04,0.000000000000000000e+00,9.936339889641222778e-02,4.879297055318006920e-02,8.573392630058393471e-02,1.330427928083159064e-03,0.000000000000000000e+00,1.538635944968883371e-07,2.827287041212388913e-03,6.478712243779895241e-02
1.583783661745674920e-01,1.724010071521612231e-01,1.467356384722456647e-04,1.034845337211646732e-01,4.042482111100107215e-04,1.553634378734217447e-01,0.000000000000000000e+00,2.981562311022465411e-05,3.270465874489779379e-03,2.745018794736434000e-04,0.000000000000000000e+00,1.562430075722935907e-01,5.643142761284906245e-02,9.582760989301299104e-02,2.916573028214317596e-03,0.000000000000000000e+00,2.543149611029162415e-06,6.273511827472585088e-03,8.857731389811950018e-02
2.040672437349986545e-01,9.183438168569293958e-02,8.026428086518103827e-03,8.414902126447283692e-02,4.576702046559896113e-04,2.184610160655191813e-01,0.000000000000000000e+00,1.854226784406209444e-05,1.903541939856897734e-03,5.435928869202282009e-04,0.000000000000000000e+00,1.520255106489045438e-01,2.683143030273331051e-02,7.021388680373941149e-02,2.713284471417716764e-03,0.000000000000000000e+00,2.057629051993638208e-09,3.361902331630515529e-03,1.353810502702299245e-01
1.837184186166262723e-01,9.480937377806664124e-02,4.104226554942093353e-04,1.357006006734942372e-01,4.557090830263185646e-04,1.570458138166687112e-01,0.000000000000000000e+00,2.127079145818422612e-05,9.053690747425282995e-04,1.996409321165633355e-03,0.000000000000000000e+00,1.057222389735015394e-01,5.180931754452084564e-02,9.928137049727006613e-02,7.322363549883885523e-04,0.000000000000000000e+00,6.427509975227870659e-08,1.556926713418623799e-03,1.658078313052651076e-01
1.760460316745269260e-01,9.938340567030300166e-02,2.373030459387186100e-04,8.356268438547022337e-02,2.947705791249406824e-04,2.435213684985777227e-01,0.000000000000000000e+00,5.525062941598648137e-06,4.201430076484053387e-04,1.487085201414467105e-03,0.000000000000000000e+00,9.084550265062343866e-02,3.645712939217281984e-02,1.291250140337716623e-01,3.960299439547063376e-04,0.000000000000000000e+00,2.811614867662851031e-05,2.462978357106885945e-03,1.357637377088313502e-01
2.155335583081502970e-01,8.717548623637233485e-02,1.284633468167169917e-02,8.833325914226740350e-02,1.451792006438022459e-04,1.409249092971653350e-01,0.000000000000000000e+00,2.997892056176775888e-06,2.118036301044281308e-03,2.840518443479740879e-04,0.000000000000000000e+00,1.341599256702599441e-01,3.121562835497270968e-02,1.680859639662833915e-01,1.070679478095432112e-03,0.000000000000000000e+00,6.627501747197035909e-07,1.614590030811315080e-02,1.018657514090222094e-01
1.778223834645380474e-01,1.404439397062965944e-01,1.551958466063887120e-02,1.014502953659301987e-01,1.322151826926420005e-04,1.330217761424105360e-01,0.000000000000000000e+00,6.701700215079839177e-07,9.790806027889183139e-03,6.238502685518051549e-04,0.000000000000000000e+00,9.618432248100597382e-02,1.205687617318390061e-02,1.237221349100197237e-01,2.285668525828409708e-03,0.000000000000000000e+00,1.337958521790487509e-08,1.835813362075348551e-02,1.685342874978510708e-01
2.072982787697344176e-01,1.193504117815545607e-01,1.006014142185136096e-04,1.186461388543571666e-01,1.032195294306056135e-04,1.238469300886336916e-01,0.000000000000000000e+00,0.000000000000000000e+00,6.487636836068016001e-04,4.298501177836474858e-04,0.000000000000000000e+00,1.156696930000403328e-01,2.884302458609498340e-02,1.587339273508038828e-01,1.359644544707296759e-03,0.000000000000000000e+00,0.000000000000000000e+00,0.000000000000000000e+00,1.251356138461167111e-01
2.226457955570356473e-01,1.110122306717575558e-01,9.822126464095953108e-03,1.275830969903125056e-01,5.733556555511269475e-04,1.073482721300015180e-01,0.000000000000000000e+00,0.000000000000000000e+00,1.075868947754128613e-02,6.912519423151904357e-04,0.000000000000000000e+00,1.407692020225670693e-01,9.416972586625322120e-03,1.363089905949367575e-01,3.313043183617295413e-04,0.000000000000000000e+00,0.000000000000000000e+00,1.256434699897468650e-02,1.101221168674874351e-01
1.641011323800132260e-01,8.277222936778531881e-02,1.060225189465790162e-02,9.357584197957101446e-02,1.356681279893634680e-04,8.787295160803629268e-02,0.000000000000000000e+00,0.000000000000000000e+00,8.289836261917824314e-03,5.689880727072441774e-04,0.000000000000000000e+00,1.079465480729853155e-01,1.598600707258870587e-02,2.149379432748020624e-01,4.809963201069505229e-03,1.676502156963345210e-05,0.000000000000000000e+00,5.588599313743323506e-03,2.027400176559909784e-01
1.804763208915903527e-01,1.015697103030637621e-01,3.123319942110179851e-04,7.541385158777293152e-02,1.200507098504441763e-04,8.205255941402389563e-02,0.000000000000000000e+00,0.000000000000000000e+00,9.928633192458086870e-03,5.971843302810191751e-04,0.000000000000000000e+00,1.433008522838016829e-01,1.482667758882753872e-02,1.802279529424374305e-01,8.258820871568267022e-07,2.924128768055408024e-04,1.431736665746761485e-02,5.811527902354576142e-02,1.383839555239790020e-01
2.254276681566676488e-01,1.634498536674844904e-01,7.007589298550390838e-03,7.635128714435719666e-02,4.750023968250498605e-05,5.628154391334871248e-02,0.000000000000000000e+00,0.000000000000000000e+00,1.328911805073890347e-02,1.615774575381839773e-03,0.000000000000000000e+00,1.388723116859156281e-01,1.783732282325948756e-03,1.387135056259246046e-01,1.474282587023786721e-03,2.589461907097504682e-03,0.000000000000000000e+00,5.849467077653234398e-02,1.145570617622751475e-01
1.687606534427963656e-01,6.955695422149879570e-02,1.124927398394963462e-03,1.316993039088394657e-01,8.027262709294479828e-05,9.369510362837583928e-02,6.113799807094922067e-08,0.000000000000000000e+00,6.900002745705961088e-03,1.636996058129819688e-03,0.000000000000000000e+00,2.172948216614549732e-01,4.130181974255468964e-03,1.375248125918088482e-01,5.254008246420316126e-04,5.329550071960365357e-03,5.170375648586894778e-07,4.867438994404536335e-04,1.611141261574169647e-01
2.309898178637317667e-01,6.263018138954164205e-02,2.041414524063100977e-02,6.183659953398329412e-02,1.336263167135609033e-03,2.541058224029485099e-02,0.000000000000000000e+00,0.000000000000000000e+00,1.845359241490914654e-02,1.204298320511884958e-03,0.000000000000000000e+00,2.113623879721110710e-01,1.419480601378780632e-03,1.613758110484141139e-01,5.193519431179210348e-04,2.431116215503117961e-02,3.812807152536264177e-02,1.191097001634892731e-02,1.287324309167937053e-01
1.927965494171065552e-01,9.967610745880214895e-02,1.982433599542846037e-02,1.271977498054161493e-01,1.481125508983497296e-03,1.706533297084163528e-02,8.000792681115108114e-05,0.000000000000000000e+00,2.909099222210933047e-02,1.565755292517305572e-03,0.000000000000000000e+00,1.230398310851925497e-01,6.549108002033327165e-03,2.083969622608821959e-01,3.071557058008570320e-04,4.799267578938794764e-03,1.611649941181484552e-02,0.000000000000000000e+00,1.523397453495501652e-01
2.232233481169619560e-01,1.084335041906770436e-01,1.338828599916683064e-02,6.337023588812822072e-02,2.576331915884329873e-07,2.658952856770520866e-03,0.000000000000000000e+00,0.000000000000000000e+00,1.483541644289635558e-02,1.527215644038305061e-03,0.000000000000000000e+00,1.539082311684342730e-01,9.527426359209011791e-03,1.468606909964554341e-01,6.529615651262506712e-04,2.587622593873990795e-02,4.301474350474766839e-02,3.548876145505443225e-02,1.571780816863267427e-01
2.005916414541581150e-01,6.039201462470306092e-02,1.973466853797523068e-02,1.136647171113401300e-01,5.446902892522272771e-05,4.536775221888243032e-02,0.000000000000000000e+00,0.000000000000000000e+00,1.969553484037495431e-02,1.009774713977772478e-03,0.000000000000000000e+00,9.761805180547074301e-02,1.199438505429174101e-02,2.216960090992780852e-01,4.429601954504051738e-07,3.935691954004961329e-02,2.732850654231173959e-02,8.656967272946890571e-03,1.328246312825801800e-01
1.815698584104063484e-01,1.132676964876247333e-01,1.659089578002028234e-02,1.082657556503591190e-01,3.196086094970478639e-04,3.263619278211548410e-05,0.000000000000000000e+00,0.000000000000000000e+00,1.796591227498707879e-02,2.121796047037524061e-03,0.000000000000000000e+00,1.410938959314223529e-01,1.044841390940642878e-02,1.664373204457590127e-01,0.000000000000000000e+00,8.468602087960322433e-02,3.094597184624279379e-02,2.970839296660283610e-02,9.653473462537039140e-02
1.637551259853891605e-01,1.060025397968357569e-01,5.014906982312265782e-02,6.415896113930100175e-02,9.700358948562702692e-07,4.773576877294952864e-02,0.000000000000000000e+00,0.000000000000000000e+00,8.080813889744142137e-03,3.949364817731739141e-05,0.000000000000000000e+00,1.574387941517243761e-01,1.430308437409301241e-02,1.978647592520017262e-01,0.000000000000000000e+00,5.540547398759678756e-03,0.000000000000000000e+00,1.230205367137307375e-02,1.725810015260058894e-01
1.595033262367566707e-01,5.109052962668762105e-02,1.465079839183558268e-02,3.710097711328808057e-02,1.909505834559006721e-05,6.796076447308360691e-02,0.000000000000000000e+00,0.000000000000000000e+00,3.110980029597396751e-02,2.550898080562467624e-04,0.000000000000000000e+00,1.985812922632717581e-01,6.670023442168963521e-03,2.289015178461938083e-01,0.000000000000000000e+00,1.238416510116375872e-02,0.000000000000000000e+00,4.625969709278669739e-02,1.454510369463595520e-01
1.647002292659190958e-01,1.217917199769349423e-01,1.222787704154357225e-02,6.408466947266000524e-02,1.424123317167720268e-03,8.735545569204544725e-02,0.000000000000000000e+00,0.000000000000000000e+00,1.653626103671885714e-02,9.868683161046588447e-05,0.000000000000000000e+00,8.935453879308132008e-02,3.630083657818142066e-03,2.101232996626111738e-01,2.871356670607481924e-05,0.000000000000000000e+00,2.687728047530112333e-05,3.024795194483734934e-02,1.985462831692593744e-01
2.268591602130172746e-01,1.237147985745648826e-01,4.115965682913278953e-03,9.228109532847308949e-02,2.033319406477273347e-04,5.567747415064887295e-02,1.669531086967127784e-06,0.000000000000000000e+00,1.632561044380273366e-03,1.558985614670939509e-03,3.131069439092309513e-07,1.010100265695490912e-01,2.212931466886099673e-03,1.824803484395992048e-01,8.407150505981146637e-05,6.078025805346253148e-03,2.095097246716517904e-06,7.650600253076961753e-03,1.941162375208933255e-01
2.445314229731640199e-01,1.175723121355869150e-01,1.920283080390535434e-03,6.606935609877809257e-02,8.151364817942179482e-06,1.380168780944907303e-01,0.000000000000000000e+00,0.000000000000000000e+00,3.720901176297722497e-03,6.648505878652019715e-04,0.000000000000000000e+00,8.505063323819968268e-02,9.486180826518568520e-04,1.895485767341209549e-01,7.289986287483053891e-03,7.681695615023167480e-03,3.688059665455210075e-03,6.969584951698265356e-03,1.262438452640841369e-01
1.968262717833802189e-01,1.689385617823782604e-01,7.252986485101616324e-03,5.599186187572218615e-02,2.830535710351976992e-05,6.662190194347894501e-02,0.000000000000000000e+00,0.000000000000000000e+00,9.720987927824165098e-03,2.277918453662535088e-04,0.000000000000000000e+00,1.561147512807784243e-01,1.900170276646640346e-03,1.512684649948977111e-01,8.483584441158979750e-03,4.272075253252486000e-03,0.000000000000000000e+00,6.736933069698166146e-03,1.655089599974494396e-01
2.352778602550035514e-01,1.633632272503273142e-01,8.394154376856453187e-03,3.845458176231930647e-02,2.578195457619940108e-06,8.084277787066630749e-02,0.000000000000000000e+00,0.000000000000000000e+00,9.806118887022773067e-02,4.598068217225599727e-05,0.000000000000000000e+00,7.929685083398302359e-02,4.042660632400117194e-04,1.433245633039305911e-01,1.018937498908238160e-04,3.510375499791750994e-03,0.000000000000000000e+00,4.837799537114493773e-03,1.440484997906203435e-01
2.080651065930153309e-01,1.408404139969388902e-01,5.576554080261369659e-03,9.061770516373847395e-02,2.002569495527978022e-04,1.295056947041033912e-01,0.000000000000000000e+00,0.000000000000000000e+00,4.459131162997018952e-04,7.301874653022095030e-04,0.000000000000000000e+00,1.112642675259399583e-01,3.462142718900469620e-03,1.431886280655389754e-01,8.075118116268667490e-03,2.371234315400061758e-04,0.000000000000000000e+00,5.935776868226018237e-03,1.518838900340488685e-01
2.107973977614560623e-01,1.445982136162237142e-01,4.892505367568198855e-06,7.149677256315495333e-02,1.155652706320485729e-05,1.404357594036362566e-01,5.217563987317126654e-09,0.000000000000000000e+00,6.965185188710760165e-03,4.466415664115237576e-04,7.052624510651920503e-09,1.586608810267538805e-01,7.594655144409859994e-06,7.773300471688068813e-02,4.159228729507713409e-04,0.000000000000000000e+00,0.000000000000000000e+00,5.517114417193011086e-03,1.827899434497239073e-01
1.880252698394540012e-01,1.254934129377532070e-01,1.838481038697952914e-06,6.613778522258025039e-02,0.000000000000000000e+00,1.139851849645294180e-01,0.000000000000000000e+00,0.000000000000000000e+00,6.671898426729218909e-04,8.940125788422060649e-04,0.000000000000000000e+00,1.554135332798240732e-01,8.321555203199890519e-03,1.355302942431303725e-01,2.149036127049832516e-04,0.000000000000000000e+00,1.765298665359417299e-03,5.787056301058613426e-03,1.978347399822524277e-01
2.191369732005139792e-01,1.302475801407890488e-01,4.253466256614082258e-02,1.822208021323497296e-02,2.686166200400388413e-05,1.913734942854032894e-01,0.000000000000000000e+00,0.000000000000000000e+00,2.656111071504925741e-03,3.036653218415665597e-03,4.868574966982694400e-08,6.559210608837388878e-02,6.738033377290051675e-03,1.376278082715300111e-01,1.146451472822557736e-03,0.000000000000000000e+00,1.957332563910682034e-03,6.368333811561973333e-03,1.732483124547159747e-01
1.624287875233656753e-01,7.767967937559928926e-02,1.844074112018126562e-04,1.180234504478997887e-01,8.911293739597263568e-05,1.523791315898203325e-01,0.000000000000000000e+00,0.000000000000000000e+00,2.073547343438147516e-03,1.128327190048500090e-03,0.000000000000000000e+00,1.077639314043589563e-01,9.182086721405198493e-03,1.562383025063780462e-01,0.000000000000000000e+00,0.000000000000000000e+00,0.000000000000000000e+00,5.568237269198725130e-03,2.072307494407944484e-01
1.651288717992788757e-01,1.321228521917429399e-01,4.337153092892769707e-03,2.125277179041799164e-02,1.193936652260563733e-06,2.271757687555655270e-01,0.000000000000000000e+00,0.000000000000000000e+00,1.017453931911520802e-03,2.856022514120151018e-04,0.000000000000000000e+00,1.747591617417248999e-01,3.436631408293556317e-02,5.893921701603909574e-02,3.743054798054016831e-05,0.000000000000000000e+00,0.000000000000000000e+00,3.900254053339428928e-02,1.415634914322031757e-01
1.841531522455647496e-01,8.460150790309138580e-02,3.602134419792127925e-04,7.603895701374097094e-02,4.391301323081181615e-04,1.725595305826368442e-01,0.000000000000000000e+00,0.000000000000000000e+00,1.595688478351158651e-03,5.267393066751129352e-03,0.000000000000000000e+00,1.172276417401637572e-01,4.807262614105001219e-02,9.951442243113124697e-02,1.509468258342844434e-03,0.000000000000000000e+00,0.000000000000000000e+00,2.320236849209530647e-02,1.854593409356776468e-01
2.123661701785579947e-01,1.134303200335397693e-01,1.037049046095431248e-04,6.363175808159524105e-02,3.490064285556304649e-07,2.197699146482357535e-01,0.000000000000000000e+00,0.000000000000000000e+00,2.066219609381608324e-03,1.090052342596498227e-04,3.372138512322812430e-07,1.134290194252056683e-01,6.085746180391990445e-02,7.035305317661169622e-02,1.085900322119473722e-04,0.000000000000000000e+00,0.000000000000000000e+00,3.135382132359101209e-02,1.123612789283893326e-01
1.732910454998126126e-01,7.649711258567792882e-02,7.107346910824252834e-05,1.166952803203615274e-01,3.391296719092434267e-06,2.659522912645508330e-01,0.000000000000000000e+00,0.000000000000000000e+00,6.879972514442580806e-04,2.801649115951317489e-06,3.342546596586900146e-07,1.743805597709357225e-01,6.479003483446939271e-02,3.123524528837131817e-02,3.195231585224257058e-04,0.000000000000000000e+00,3.022862352880027574e-03,2.826536780845849504e-03,9.019627717407194267e-02
2.468922017542396485e-01,1.199586670549507572e-01,6.702063352247971229e-06,6.346357336032651397e-02,6.963735246391278993e-05,1.757660524047823802e-01,0.000000000000000000e+00,0.000000000000000000e+00,3.334691438023609008e-03,6.702490711205893840e-03,1.037510881645233909e-06,1.788794836077830519e-01,6.742616706938928117e-02,4.641167734066167783e-02,1.026042014173902516e-03,0.000000000000000000e+00,5.830244675232147157e-04,2.736841656591791627e-03,8.667134470819061465e-02
2.085426725130288816e-01,1.372624480814577663e-01,1.001264463929476948e-05,4.659968405174638728e-02,2.373916127656432913e-05,2.129805422326038755e-01,0.000000000000000000e+00,0.000000000000000000e+00,5.468149707467300294e-03,5.029680020721793120e-03,4.967182601750308930e-07,1.225392780959880662e-01,5.976478325214526488e-02,8.522713005837727340e-02,1.618474242970578290e-03,5.824051989965306326e-09,7.229691849378252089e-04,2.400177120177438179e-03,1.117626398121661369e-01
1.735545817404550439e-01,1.534484260206608608e-01,3.347172722668692504e-03,1.212922989175100816e-02,8.581230284089594318e-03,1.539514638171958216e-01,0.000000000000000000e+00,0.000000000000000000e+00,1.496318180341922122e-03,5.310945328979621398e-03,1.213766264281200677e-04,1.575781779783246017e-01,8.933720760358912494e-02,4.730522911777838152e-02,1.053213717641826499e-03,0.000000000000000000e+00,6.103693428649297360e-04,4.819006632642008903e-02,1.440324606610970670e-01
1.522966941799012153e-01,1.041396410629323033e-01,1.082267165583980621e-07,8.831158608610906180e-02,1.412692516710878192e-03,1.375227040355862518e-01,0.000000000000000000e+00,0.000000000000000000e+00,5.933121243658738553e-03,1.792035864469824352e-02,1.189147042008389803e-06,1.774583543520867335e-01,1.062348285791528124e-01,9.995128604737116285e-02,6.587918456598108831e-04,3.611432939624806237e-07,9.735730374727367846e-09,2.366536869827160199e-03,1.057204151650129875e-01
1.488061452047918232e-01,1.786818655782004828e-01,6.666000078232741221e-07,3.371086286443263774e-02,1.599196746396031781e-03,1.184860208872963311e-01,0.000000000000000000e+00,0.000000000000000000e+00,2.247368288373421518e-03,5.400245611715505378e-02,5.240215611369451049e-03,9.668514172192226030e-02,1.014715854472336143e-01,1.221783483617604610e-01,3.915089015613404952e-04,1.253888597752640957e-05,3.887649125419038402e-03,1.627671481211220156e-02,1.162897104916216506e-01
1.602135575785875454e-01,9.640846248230657001e-02,7.999229198813310494e-04,7.337620881914180826e-02,3.145883538840418131e-02,9.073940476321944171e-02,6.661841839291536091e-09,2.654878401732288767e-03,1.077530461061453060e-03,4.450293455922321034e-02,1.956193522707054891e-02,7.722438387244438818e-02,1.234910582066948009e-01,6.840311063370831113e-02,4.575830563492774491e-03,1.210797648809319179e-04,4.876723137702674259e-03,8.456449751676820004e-02,1.158353910422696004e-01
1.881927619807166330e-01,7.704681356442814877e-02,1.648901335468915376e-04,1.494676193005543829e-02,1.643325284604481296e-02,8.386807057141834609e-02,0.000000000000000000e+00,0.000000000000000000e+00,1.201078901532488807e-03,7.942683452315331405e-02,1.558780281206406638e-04,1.645249249626531962e-01,9.360481749081696334e-02,1.154685373865566023e-01,9.246134389097698759e-04,2.386128771382759373e-04,1.790980272939085354e-03,5.433278561943256230e-02,1.077653280344734732e-01
2.393182230390692999e-01,1.800659133420942359e-01,8.139851160211757737e-04,6.783149937507291778e-05,6.660998739689719117e-02,6.914928857852704891e-02,3.035472118621265913e-06,4.181278573708374830e-04,1.597224370106792605e-03,3.111903718307350991e-02,6.467064531476094703e-03,9.988003500976046223e-02,8.924294084403371075e-02,1.217039616753396863e-01,1.918057993722915074e-03,4.301246987913878122e-06,2.887156860949311506e-03,3.362483178755983765e-02,5.453884066680737136e-02
1.679352984334895882e-01,1.743060648151358027e-01,3.904923276644398176e-03,6.138620453987135957e-06,4.971592281535712476e-02,8.731527967898140841e-02,7.946519685108197664e-07,2.113730635405719083e-06,1.217332919309388820e-03,8.742879009754403463e-02,2.303348164344222113e-02,9.022922038419871338e-02,1.172163931772354228e-01,7.998374622837473025e-02,1.943802197633450466e-04,1.625292632508631515e-06,2.350364963861157686e-06,4.261744515629041496e-02,7.463378715577878575e-02
2.166895648866428714e-01,9.223932949956571703e-02,4.631626752906877731e-07,4.384802674376310494e-02,8.034705176584905351e-02,1.368545998188583010e-02,0.000000000000000000e+00,2.220359445492478556e-04,2.127053622605721162e-03,4.479291522516783836e-02,3.086941681363531559e-02,8.867799502007239765e-02,9.248079161194704134e-02,1.119399746545286928e-01,3.109963721737929389e-04,2.927409474261621035e-03,1.603652795450530430e-03,5.469161882739507347e-02,1.225118829733947284e-01
1.361831597958059747e-01,1.357838776142845927e-01,4.619484188881611830e-03,1.356864184582482272e-03,6.910780988608926367e-02,2.841571322170690066e-03,0.000000000000000000e+00,5.108856343919040977e-02,2.247064710803710601e-03,6.407154592468392029e-02,3.503549084605239727e-02,1.048590559525300475e-01,1.026996268836975201e-01,1.552907317148460586e-01,3.559338667358513935e-04,1.845756584381584348e-05,1.294606222248436463e-03,6.584633279183828292e-02,6.725733140608497473e-02
1.299920002210470937e-01,1.236828739248058973e-01,3.547042801814882250e-07,5.479655804115072566e-05,6.825017482393366808e-02,1.177735622995068482e-06,0.000000000000000000e+00,8.392834188787404170e-02,3.195367414867262244e-03,2.179758254932566697e-01,1.792507696219044697e-02,7.825069760343802971e-02,9.744308196446938020e-02,8.477582660247692803e-02,8.203918264864008695e-04,3.671446451918949916e-02,3.255846167223149564e-03,1.171578487993993160e-02,4.198044217347897400e-02
9.387710444201841087e-02,1.680122661497436554e-01,1.933336515021367259e-03,2.794134579969663121e-02,1.373519102159596605e-01,3.630689260539863975e-04,0.000000000000000000e+00,9.721690423201334585e-02,6.384539868395312096e-03,6.452946410611656858e-02,3.054080243497211272e-02,1.468465241763380058e-01,8.761178361228114109e-02,1.007776446749761579e-01,3.105751375504303561e-04,3.331925041317005277e-03,1.884434594683495091e-03,3.089725920261201728e-02,2.975064977036655602e-04
1.763265018577560572e-01,7.748995342440248568e-02,7.780210425750700397e-04,4.545383271349159177e-02,6.236779406210814225e-02,7.041258805690171589e-03,0.000000000000000000e+00,1.854342484685867209e-01,2.279843823435281219e-02,5.973624856733009830e-02,4.854554689377443832e-02,3.857531588140927781e-02,8.508834352129752976e-02,6.427512821018899203e-02,1.212963610955721189e-03,2.458741409869748262e-02,1.760546568438071339e-03,6.574665074132104992e-02,3.277268476772756539e-02
1.296231518149647266e-01,1.408655516582445200e-01,3.706315904239165272e-03,3.303978116717980560e-06,1.034942157222137060e-01,9.433690266565828385e-05,0.000000000000000000e+00,1.525621901293310601e-01,1.421239381627389595e-02,4.973517233836072943e-02,6.636741008046037615e-02,1.986204407076407088e-05,1.022529997699758025e-01,1.325136043800162478e-01,5.283424485484466537e-04,1.272125786772059814e-08,5.921062740260062129e-02,4.073632899898159410e-02,4.003050782182777066e-03
8.331119482310131441e-02,1.483004735379242767e-01,3.086901679025487108e-02,4.744542949315011526e-02,6.502433026257763149e-02,1.558282515358421980e-03,0.000000000000000000e+00,1.526297251414785450e-01,2.573008798945656053e-02,1.165938908109419997e-01,6.871072284081124193e-02,1.943031564364871633e-04,7.836652256213279266e-02,1.088106225330315868e-01,5.385657004856359313e-04,1.933235037713969262e-02,4.440305361950344989e-03,3.205857364971075735e-02,1.609445835245785356e-02
1.447700905202946586e-01,1.469436975452793059e-01,2.651479116880573920e-05,5.489591280788748417e-02,1.284800132978470844e-01,1.973968442232964594e-04,0.000000000000000000e+00,1.786429791971579639e-01,9.500364210336951706e-03,6.691498972164038050e-02,6.198102103530185591e-02,1.988139533253152277e-02,8.730387099986229582e-02,8.009830385338788383e-02,4.343377556695698590e-04,0.000000000000000000e+00,2.476989869266340953e-03,1.429607640338905784e-02,3.281445948254904741e-03
4.957075763450736333e-02,1.264766979744660624e-01,2.536506083952879548e-02,5.332363625276818897e-02,1.403857205358091664e-01,3.496209807495327101e-05,0.000000000000000000e+00,1.520168019385308988e-01,8.263311979121864062e-03,1.134669047166794176e-01,7.696148215811669802e-02,3.060485321940498643e-05,8.127584747372830487e-02,1.133892732095786865e-01,1.016293629094527050e-03,0.000000000000000000e+00,1.348546884559735648e-02,4.081380474791416330e-02,4.111852603310093765e-03
4.293875094067026860e-02,1.387943481880655749e-01,5.592984378345391104e-03,7.850261639316531703e-02,1.173837492249268782e-01,5.193508397977353059e-05,0.000000000000000000e+00,1.770474030913006536e-01,3.628802429446695288e-02,1.468117120742541415e-01,6.250516420201499002e-02,4.121055240024303588e-03,7.087914468393499701e-02,5.780007705779766775e-02,3.045152085654192695e-03,2.913676918486590196e-03,2.364102463039830654e-02,2.174764240779872293e-02,9.935927447802058235e-03
3.297706860466961126e-02,1.179987523415789857e-01,4.503564117150703205e-02,3.451027465995176041e-02,1.379499607759434032e-01,4.385916996785583122e-05,0.000000000000000000e+00,1.715726813838187592e-01,4.819311451953006004e-02,1.397156845586927931e-01,6.688918416331687822e-02,3.276274046782542710e-04,4.831068242826814380e-02,1.000347608126894439e-01,3.060026102370621507e-03,0.000000000000000000e+00,3.196361252926529974e-03,2.986519998964664441e-02,2.033575761022955036e-02
7.142448341775101128e-02,1.297922010615544242e-01,1.950407251288622384e-02,3.363482030121996841e-02,1.533206062025229410e-01,4.905367073008846035e-05,0.000000000000000000e+00,1.476931304679809098e-01,3.033781127881257644e-02,7.826977469098794771e-02,1.191376842538706959e-01,3.983167196684607697e-05,6.415966235944760288e-02,3.515984913780158261e-02,2.636234777617785588e-03,4.348475939599669160e-02,5.065511371857974073e-03,1.880140825213006892e-02,4.749503692090622370e-02
5.914424806688629854e-02,1.189248230694374131e-01,4.928492270520943436e-02,2.833249116781651894e-02,9.540085647200452490e-02,3.630205419068643566e-05,0.000000000000000000e+00,1.410030761596574589e-01,1.022961987287130357e-02,9.955455494009041173e-02,1.080754942058417684e-01,2.958910684575165144e-05,8.166942850354369510e-02,9.767288398512966041e-02,7.721472543564589014e-04,2.562165032644423898e-02,2.065094114666517211e-02,1.062089530195218547e-02,5.295734780576431128e-02
1.094950727795695050e-01,6.308956036001948930e-02,1.347286390734478076e-02,8.225673278345412009e-02,1.516480709392604154e-01,5.341537970543763374e-05,0.000000000000000000e+00,1.872716426620456565e-01,3.254220328347350727e-02,8.436146979172584603e-02,7.053019726376963394e-02,2.219477683988614811e-05,4.053928677083026150e-02,3.548955930252503665e-02,3.275692140414029115e-03,7.331595278013483541e-02,9.216685422436421415e-03,3.752287815799383586e-02,5.923105876245032819e-03
5.772292774083966765e-02,9.496772576512704789e-02,6.504958256033488428e-02,1.026336537320002018e-01,1.221654085995418915e-01,1.558500497845823543e-05,1.947816791990990683e-06,1.649366695376571768e-01,4.338833284246081806e-02,1.176344051057839624e-01,8.365052448061838231e-02,1.207070231685093421e-05,4.864082583935273180e-02,2.930790277534613131e-02,5.799870866010334997e-03,2.927999684952243630e-06,8.622343007012076010e-03,2.494718309713557514e-02,3.008683007716097396e-02
8.660422569115816191e-03,1.124125917663787860e-01,6.297175421054294897e-02,7.416657876156410034e-02,1.809399586797815207e-01,6.653431350752356808e-05,0.000000000000000000e+00,1.033347395234423954e-01,5.338508023144886150e-02,7.742759630937619264e-02,1.312054993893523314e-01,3.232592084064662004e-05,4.717840824653869031e-02,4.225401258992678849e-02,5.173808756411901223e-03,3.716987708043380939e-02,1.684390874399191093e-02,3.546419723271991109e-04,4.651186292690311086e-02
2.894617880783448283e-02,5.473503823594699780e-02,1.142469327630415456e-02,1.058307947118510978e-01,1.709103201686700824e-01,8.833107529396753480e-06,0.000000000000000000e+00,1.130222063252825787e-01,9.296195097518447636e-02,6.102110546216674841e-02,1.404990271754354147e-01,3.165297004253474330e-05,4.714057226341125673e-02,1.092374038248861284e-01,7.629869017012325637e-03,1.987543688139812963e-04,1.561600378490581031e-02,4.976717510447760525e-04,4.023001202047159913e-02
5.109512194260848461e-02,1.271266024387868732e-01,4.936985875199299822e-02,1.308690951088255783e-01,1.159941944116154311e-01,9.155226253575582385e-05,6.504630607075463807e-05,1.076778052086132947e-01,5.033362613666791247e-02,2.492256688193194777e-02,1.269687780703787072e-01,5.490825699825324169e-05,3.564170200316916365e-02,7.549456370518507764e-02,4.134633075600986640e-02,3.013414295158337243e-06,1.500123299488484961e-02,6.457979089680858419e-04,4.735578564176290417e-02
3.216720957501721656e-02,3.901520152835715599e-02,1.076008470644984755e-01,3.034330980998270824e-02,1.854188178635290951e-01,6.166083532660700044e-05,0.000000000000000000e+00,1.382859730423191269e-01,6.036121237019259622e-02,1.021504165743675058e-01,1.176220339727921810e-01,1.210302455378070478e-05,5.146299114417045295e-02,4.121861548097150579e-02,3.213146871715661518e-02,1.051270996900629926e-04,1.961022103627121232e-02,2.325664997658708974e-03,4.012398627509874277e-02
1.589054656251473116e-02,4.712742893202765543e-02,7.119791879808530510e-02,1.034194629807845267e-01,1.892565819906039115e-01,1.753202424218639637e-04,1.444794977839194303e-06,8.250882329056347109e-02,7.493302270421006717e-02,4.399007641848815659e-04,1.673202306693270802e-01,2.499813711540309414e-05,3.078265032228605716e-02,2.879905086469890241e-02,5.182758331998594398e-02,1.825855259772368039e-02,5.638419802269006853e-02,2.101435969048107144e-02,4.077146868054961487e-02
6.415727050143813772e-04,1.290548334436558142e-01,4.706634598611304787e-02,5.230138472805761357e-02,1.639555747960892151e-01,4.324376470848093805e-05,0.000000000000000000e+00,8.550461630547157021e-02,2.927189167893107583e-02,4.774066177416812218e-02,1.712611179247930659e-01,0.000000000000000000e+00,1.142416321302729132e-02,7.944752203058652595e-02,6.247958919582375509e-02,8.012185887529344949e-03,5.517359673362246669e-02,3.041146582567490447e-04,5.631044523197786811e-02
1.589163728440522866e-02,7.344080287729329304e-02,6.630432926116310022e-02,9.519075265396113872e-02,1.941834556817700619e-01,2.423423714610694284e-05,4.796177739471745765e-04,6.178858469738522652e-02,5.671732231016755887e-02,4.096310330003907069e-02,1.707112709327958666e-01,1.045453955277733773e-06,2.815596794333870972e-02,6.822341688527121251e-02,4.124146534940977687e-02,1.508590469348669062e-02,1.289481752692405239e-02,3.695064583248757611e-02,2.172308097159359949e-02
1.423041342837762062e-02,1.154655587978730968e-01,4.711769965816976075e-02,8.144220050214208417e-02,2.205186385236953261e-01,4.791828904856058338e-05,2.369663916181350094e-06,1.254776094172975649e-02,5.874010979254939285e-02,2.425463550418336658e-04,1.885256665713649915e-01,2.043643042583361197e-06,2.347610729182336708e-02,4.781860491223779291e-02,3.614380916842625108e-02,1.335281504525922744e-02,6.538445452320233720e-02,3.714136443236792928e-02,3.780804068992060091e-02
2.371008819099261131e-02,9.707064175809020090e-02,4.075372734566250210e-02,4.732139705729294238e-02,1.253395780039006369e-01,1.829426978010145801e-05,1.636894856413688079e-03,1.739322497832101327e-02,4.267417747140913459e-02,3.325106162188477821e-02,2.324192169024631438e-01,0.000000000000000000e+00,4.744169631831027245e-02,2.776787868599532930e-02,2.461735416316434416e-02,2.838381991624345721e-02,8.422685869938777159e-02,1.035361194790706749e-02,1.156516986597288660e-01
2.219089485162723321e-02,3.111709709246615954e-02,7.647544734158655266e-02,5.946214806065096975e-02,1.852859638110313512e-01,8.379780527564787161e-06,5.160460947267995503e-05,5.647634986173603183e-04,7.850750111993796965e-02,3.246399323587582236e-02,2.042479555122660162e-01,1.270815037664819421e-06,3.495282673363774018e-02,9.837128045627785422e-02,2.060610588427976703e-02,2.107859260262329713e-04,5.665509521654683855e-02,5.658887528218541074e-02,4.225157369349542141e-02
2.195396593903872415e-02,2.481789227615228619e-02,3.815443253129748025e-02,1.091287849829504913e-01,2.310857448911394774e-01,4.954467804029837849e-05,4.973785743254587749e-03,8.483948855023697080e-04,8.493121685049417890e-02,9.857021168788591275e-03,2.286153653036094857e-01,3.166149488006891044e-06,4.268565312599839623e-02,5.599341521685131939e-02,4.509914677717032777e-02,4.451881268057274383e-04,4.200503537823189332e-02,1.039346720055244790e-02,4.900006247557330691e-02
1.739109076753807617e-02,3.861902375463493044e-04,1.208261479227141916e-01,1.018518184317130371e-01,1.590987233360793285e-01,3.357630770154012048e-07,2.261724308883779691e-02,1.657806187843706617e-05,3.964031692720949157e-02,8.087493182891264919e-04,2.126907745496135205e-01,6.195527090727659777e-06,1.409730494326889155e-02,9.325000952717998892e-02,2.847064722700421574e-02,1.710606863207897021e-04,8.527867615715585548e-02,4.074361338732818139e-02,6.254280945029309924e-02
1.711549815786711157e-02,3.146949861068633336e-02,5.388564497501231731e-02,1.042016933109371352e-01,2.560566739995930319e-01,0.000000000000000000e+00,1.226784312976600877e-03,0.000000000000000000e+00,4.495035344373278507e-02,3.229060140813221069e-02,2.269669105689079980e-01,0.000000000000000000e+00,0.000000000000000000e+00,7.000364437015785257e-02,5.156144543749358738e-02,1.271521930577247054e-04,1.864163748124056733e-02,2.943910168457075302e-02,6.260650640427760372e-02
1.643513394120866764e-02,4.789404833219324670e-02,1.162939625103739244e-01,1.159424550809041166e-01,1.619275879140772145e-01,1.488496534952267881e-05,4.433652823122454477e-03,3.071624351481090989e-04,8.315149861637602391e-02,2.485913504553584688e-02,1.933613377607436845e-01,1.341574164355367888e-06,0.000000000000000000e+00,8.224553368254688968e-02,2.097109459038702314e-02,1.049988688929219814e-04,3.721883405644960119e-02,6.452277882281957921e-02,3.034101093899883514e-02
1.700410160692561803e-02,2.239772565559210518e-02,5.364077188453665601e-02,1.324167645570055729e-01,1.679984744380220996e-01,0.000000000000000000e+00,4.544458794744264674e-02,7.929307087460753505e-04,7.372234437544204766e-02,2.520078049329276589e-04,2.158267722546766965e-01,0.000000000000000000e+00,0.000000000000000000e+00,7.690333332514552589e-02,7.832714660275939822e-02,3.532241622878581379e-04,1.310836220156516227e-02,5.959659640977063924e-03,9.616659091585715025e-02
1.163530023668960141e-02,5.901728544139784455e-02,1.102740300216760588e-01,9.789728329071593904e-02,2.370824236190751666e-01,0.000000000000000000e+00,7.410532575998259562e-03,7.005050061580037155e-04,5.149198073666935715e-02,2.578486472991938752e-04,2.589883974787078325e-01,0.000000000000000000e+00,0.000000000000000000e+00,3.641452638654351509e-02,2.228683716566779577e-02,2.121263111189820665e-04,1.584581615468240098e-02,5.860617256334434838e-03,8.464800272000436165e-02
1.391357383858553981e-02,1.443481031797900523e-06,1.392082394106872456e-01,5.605098182998435180e-02,1.908503451180870170e-01,2.376532731416074049e-05,1.240718214856280713e-02,2.871146941564487278e-04,6.691152044604832538e-02,6.892488354984142125e-04,2.543914426746339830e-01,2.350585981985024633e-06,4.684943329802060343e-06,4.846638791240018285e-02,7.946409341052382280e-02,8.162657480171209463e-05,9.580220877951459157e-02,3.406520247483678637e-03,3.807934514557556605e-02
1.364803511708317235e-02,6.082447988949853346e-05,1.200640028108187346e-01,3.271959803633477798e-02,2.038742596258837358e-01,1.506343302819498658e-05,1.678593222745792485e-06,6.532653996945147774e-04,4.974354672562146529e-02,1.096135560780870322e-05,1.957207891722782811e-01,1.396671671352991821e-06,0.000000000000000000e+00,7.138361235065847354e-02,9.691714941557293128e-02,2.011707384562869575e-05,7.111339336998739880e-02,5.446312668380441646e-02,8.953955259920974574e-02
1.373647824983102034e-02,3.257510655885005602e-02,1.104932898104922512e-01,4.958838520088137969e-02,1.755903259587298093e-01,1.601208329272427535e-05,4.102137359706310021e-02,6.631952603570406097e-04,4.878294356680123317e-02,1.634973432546428865e-04,2.122192573329614307e-01,0.000000000000000000e+00,2.389351186022074976e-05,1.005609426088445446e-01,2.138141238688115800e-02,2.565935442647810857e-02,2.855211322316442146e-02,8.411919644275985333e-03,1.306976033679538018e-01
1.365798562317584175e-02,2.827401074435058272e-04,7.840007764994956496e-02,1.105921334436412024e-01,2.235834274667194976e-01,2.189493056510315508e-06,2.264699521698519192e-04,5.168195775758171020e-04,1.973135754585975121e-02,0.000000000000000000e+00,2.551516072059377693e-01,1.312240885535612904e-06,5.073146214710894324e-07,1.387342771481960280e-01,5.754394999106127867e-02,7.657560285581169711e-03,2.241102847628021963e-02,8.034223267664997864e-03,6.330256011599603994e-02
3.503496893445491784e-04,1.077614639616767886e-02,9.138410092705917531e-02,7.138323825525577648e-02,2.360842019889458077e-01,2.840497844490071460e-05,1.432172669115424658e-02,1.497748316343541070e-04,2.290479893306202053e-02,1.751005819725551249e-02,2.477377660827550510e-01,0.000000000000000000e+00,1.721435694849315348e-03,7.583001327656319068e-02,1.288823506289771270e-01,8.882953663513389866e-05,2.771557513105538106e-02,9.360100434044059045e-03,4.402288330315069081e-02
3.226623423785940988e-04,9.745233092786678957e-05,8.812085824064708195e-02,9.782192615298039573e-02,2.289115343298210037e-01,0.000000000000000000e+00,1.377982799436595733e-02,5.978960964563406321e-04,4.677095721725749167e-02,2.129505750301185997e-04,2.381471033826605688e-01,0.000000000000000000e+00,0.000000000000000000e+00,1.094691337015516741e-01,5.435051724812704765e-02,1.119307820804510807e-04,5.971626064948919177e-02,3.184852704377287135e-03,5.853983168365812367e-02
1.191173757631692153e-04,6.279794764740122270e-02,9.337573404910065600e-02,1.387139004936690234e-01,2.265761487890545212e-01,0.000000000000000000e+00,8.632440134340649404e-04,4.049652743429603733e-04,9.669690067010295199e-04,5.129090242541505321e-03,1.956355145520208005e-01,0.000000000000000000e+00,0.000000000000000000e+00,6.166544471312570413e-02,1.801389939058557071e-02,6.536500435228835440e-05,7.954139229308906933e-02,5.740507099614138020e-02,5.871721393881434992e-02
1.469088020935460995e-02,2.350302032592688364e-05,8.644422012582914094e-02,1.020918671449678322e-01,2.369411444214248041e-01,2.672956208555365658e-06,1.234706312597299259e-02,2.423762587931247727e-04,2.811935035908458280e-03,6.363233296482419254e-02,2.236981396505014763e-01,0.000000000000000000e+00,0.000000000000000000e+00,5.858234324033673862e-02,3.114600495382962089e-02,1.337646046422613210e-03,4.488575372508196021e-02,2.321379963758247317e-02,9.783827515885974713e-02
1.531080747396110914e-02,3.463068275352108177e-02,1.494580078403864309e-01,7.663909477586003383e-02,1.652793341009539674e-01,1.671663136403728472e-05,9.568295733382109697e-04,3.523184436128089323e-04,5.353626285982131944e-02,5.290920391420883551e-02,2.192993792277965481e-01,0.000000000000000000e+00,0.000000000000000000e+00,7.585583068837808973e-02,2.134694732706414119e-02,1.189942674940267994e-02,5.198689100994960399e-02,2.799958452722102389e-03,6.774327652930717258e-02
9.164146753072926685e-03,6.035780989091316177e-05,1.052368491168535758e-01,1.009026946998045210e-01,1.936125459844836028e-01,0.000000000000000000e+00,1.695209555918289902e-04,3.625545021383922394e-04,2.988366882719720782e-03,5.342960895864468096e-02,2.283309304142700502e-01,0.000000000000000000e+00,0.000000000000000000e+00,1.248944433682872834e-01,4.335752454555526214e-02,1.645246999671635485e-05,2.712504930389101135e-02,0.000000000000000000e+00,1.103048507050351651e-01
1.826014210942954880e-02,1.234865983636438368e-02,1.105813253136783136e-01,3.059055145799424377e-02,2.193581737044799918e-01,0.000000000000000000e+00,1.257901796814405327e-03,5.584263681852033503e-04,5.572781162226986794e-03,1.003509124003793274e-01,2.251531828765097332e-01,0.000000000000000000e+00,5.890551472487119088e-08,8.930947450522859488e-02,1.377922072862155199e-02,2.725232534697919363e-03,2.381982288400843334e-02,2.287841441143772647e-03,1.439119782416643234e-01
1.677248325622704775e-02,2.444979732501039241e-02,1.508596976719853711e-01,2.568068059356963875e-02,1.653223701411947744e-01,0.000000000000000000e+00,9.107364085757425638e-05,2.419016872978031838e-04,1.695447127153221862e-03,7.197937897358265558e-02,2.597098364151490535e-01,0.000000000000000000e+00,0.000000000000000000e+00,1.220225900777838074e-01,3.201069065880055020e-02,4.055571153476161903e-05,1.834653553703106954e-02,4.749813484025490126e-03,1.060326897358639803e-01
5.986361398273637967e-03,6.537922350520793807e-05,1.018926849662579182e-01,1.103993628117884845e-01,2.096901245743468256e-01,0.000000000000000000e+00,5.045415084249087071e-06,1.971562088750786451e-04,5.625281994636890199e-04,1.025429860943234822e-01,1.667632483232690255e-01,0.000000000000000000e+00,0.000000000000000000e+00,1.595457452435758428e-01,8.053542614180616915e-05,4.475707698144022322e-05,1.405288073987091824e-03,2.151345318782268198e-03,1.385918706308259529e-01
1.025936509976088824e-02,1.807286877250812232e-02,1.506635248011046757e-01,2.798952963046775697e-02,1.688333735624235332e-01,0.000000000000000000e+00,1.533485003934570131e-03,2.785707851821686977e-04,1.297402233676852191e-03,1.165301780008429350e-01,2.526272773088017454e-01,0.000000000000000000e+00,0.000000000000000000e+00,1.115898504838080396e-01,1.256321181904162632e-07,6.645684422026183683e-06,8.158597648786465595e-03,1.751315241633310616e-03,1.303403458931720049e-01
1.106154358364133498e-02,4.315437671624062718e-06,1.081664202617230591e-01,1.125134835985173443e-01,1.624649278436215150e-01,0.000000000000000000e+00,4.596820289566329841e-04,3.277330045514278392e-04,1.570054017515905157e-03,1.208908630352701075e-01,2.230075659241724240e-01,0.000000000000000000e+00,0.000000000000000000e+00,7.458432252104885141e-02,1.203264389450956796e-02,1.909154203051433818e-05,8.906540344368138072e-04,1.061630903603141308e-02,1.612923728699276471e-01
4.044932149903188168e-03,4.270316424244601167e-04,1.218631912160080683e-01,2.729150227381348451e-02,2.367921134946287254e-01,0.000000000000000000e+00,1.133575607418149797e-03,1.415178701490675127e-04,9.132361944547104675e-04,7.245324667821916031e-02,2.425489254261620209e-01,0.000000000000000000e+00,0.000000000000000000e+00,1.218587009185887332e-01,2.074348956640589988e-04,2.753233848262270756e-06,3.720257213756347401e-04,1.568733462550333038e-02,1.544573473289075627e-01
6.915900693969430531e-03,3.673082372673352694e-06,1.262415305568546364e-01,2.069138509243286309e-02,2.025180779331626491e-01,0.000000000000000000e+00,2.564259209386185405e-07,2.866000394530127159e-04,5.252751705422690695e-04,1.371905101067571464e-01,2.217397727652518080e-01,0.000000000000000000e+00,7.232300126960178143e-09,1.412658565519997189e-01,6.435558420353769448e-05,8.620186994505882070e-06,1.399168485742739994e-05,3.491934454674166296e-03,1.389196879653156191e-01
7.196069720093208402e-03,3.584953688540752561e-05,1.319770581306372037e-01,4.339940705397260512e-02,2.240349777850978441e-01,0.000000000000000000e+00,1.018305105255417116e-05,9.489976393100465059e-05,5.501687635122370175e-04,1.308955154554590494e-01,2.053996716242383058e-01,0.000000000000000000e+00,0.000000000000000000e+00,1.430232269253832178e-01,5.956236894226855791e-05,2.874641401801882149e-05,4.743991301065120670e-04,7.510457762148382496e-03,1.052319970286866441e-01
1.617736097833660791e-02,2.104346469233858707e-02,1.241801527680509720e-01,7.635901646758838646e-02,1.498443911972729414e-01,0.000000000000000000e+00,5.221174334387522313e-04,1.977482110965404533e-04,1.245516466677319732e-03,1.282326285562260804e-01,2.506251574568760243e-01,0.000000000000000000e+00,0.000000000000000000e+00,9.298967044091041578e-02,6.852868978253450871e-05,3.813109481956714682e-05,3.629008758336770522e-04,2.708955836201080991e-02,1.109722952722238670e-01
3.136276739493378766e-03,0.000000000000000000e+00,1.521375235586242824e-01,1.064105850462118280e-01,1.942934190472916101e-01,0.000000000000000000e+00,7.619240129784694490e-03,4.873729279237947094e-05,1.061034916340439270e-03,7.137390980535097962e-02,1.553203335725544809e-01,0.000000000000000000e+00,0.000000000000000000e+00,1.849429798331295727e-01,1.053754558133980528e-04,4.150942889604375348e-05,1.703611030544659091e-03,2.187267497554270385e-02,9.998164657842867342e-02
3.225729844597184648e-02,1.493952877026323914e-02,1.217956160458636000e-01,8.312816360437711577e-03,1.713932603518516506e-01,0.000000000000000000e+00,9.571859111388882763e-03,2.219101396881208063e-05,6.631593917631407788e-04,1.076231124984053933e-01,2.212314356141158178e-01,0.000000000000000000e+00,0.000000000000000000e+00,1.097211031625793670e-01,1.418392455128401962e-04,6.474268242470341422e-05,1.797070706398209245e-03,4.640493697478563495e-02,1.539501401752476906e-01
7.140720470867029969e-03,6.585222014628587734e-05,1.311710324511128067e-01,5.141762616831631327e-02,2.042285307584644494e-01,0.000000000000000000e+00,6.240290016253711004e-05,2.572784210506019284e-05,1.160398055152393922e-03,1.029410300097546027e-01,2.339976398327000828e-01,0.000000000000000000e+00,0.000000000000000000e+00,8.533969243317081343e-02,5.121858741017658117e-05,4.373692211713870517e-05,1.238701713240142549e-03,1.501277604394091539e-02,1.660229811292723012e-01
2.689835286955270105e-03,1.900615738031611495e-04,1.614019283890086587e-01,9.269401791146070213e-02,1.502622500649372916e-01,0.000000000000000000e+00,1.021291478950994008e-03,2.074841080740630326e-05,8.181455610858765935e-04,1.352087488023954176e-01,2.081657407887670119e-01,0.000000000000000000e+00,0.000000000000000000e+00,1.080118083120292644e-01,5.324623164662559230e-05,5.228887871873752192e-05,2.016190054969523460e-03,2.073402328159757585e-02,1.166973526926993049e-01
8.792785736493308191e-03,7.358267225841054097e-07,1.267654676018397653e-01,8.748124409953633718e-02,1.785602794907666657e-01,0.000000000000000000e+00,1.281899577104092004e-02,2.659487925373056435e-06,9.415656940172086129e-04,9.835465817384712872e-02,1.946723869245802208e-01,0.000000000000000000e+00,0.000000000000000000e+00,1.127703485169174041e-01,3.743274310588370175e-05,1.724369402847915437e-05,4.481634286171299865e-05,3.389310961450595766e-02,1.448170156357506677e-01
1.625009524702481292e-02,4.772767359566337043e-05,1.304052257658333824e-01,6.413013564502828556e-02,1.836686279875143490e-01,0.000000000000000000e+00,1.469187031503499299e-03,3.940583973059102449e-05,1.200587517580649702e-03,1.556032297037428791e-01,2.297577312080029965e-01,4.000935004159038926e-07,0.000000000000000000e+00,7.789461717372900273e-02,1.625845396825731267e-05,3.181349613772400508e-05,6.523743330447435832e-05,2.907647319187103840e-02,1.102903375633060568e-01
3.283360028088811583e-03,6.350019660581115186e-05,1.299601945578242324e-01,5.734301289414004549e-02,1.989888994206355788e-01,0.000000000000000000e+00,1.367907363467038388e-02,4.273563474232939971e-05,5.490905846022885780e-04,1.077912236451720185e-01,2.311813094125845514e-01,0.000000000000000000e+00,0.000000000000000000e+00,1.324657234316077570e-01,6.574125652261999240e-05,2.555111319399529753e-05,1.125695315081245670e-04,3.706687585428620341e-02,8.747246523469660862e-02
1.069839165875112463e-02,6.964262796571665272e-05,1.505434459198430885e-01,8.826008123583010956e-02,1.482602741394232204e-01,0.000000000000000000e+00,1.814468772888531674e-03,1.919953409439893129e-06,8.937778696941857046e-04,1.162455048169391686e-01,2.086324607321703162e-01,2.171459245951086449e-06,5.060515580214937212e-07,1.192468097085715162e-01,6.198514033518227893e-06,6.979996158257090676e-05,1.466432011326088440e-03,2.324522015314260670e-02,1.303067389059401893e-01
1.404822232546132539e-02,1.611912884857494852e-04,1.364630769890226580e-01,7.594590032128072099e-02,1.735771556162326867e-01,0.000000000000000000e+00,2.219326078422544785e-02,6.009142273680430672e-05,4.295690979584560506e-04,1.601759740503788110e-01,2.005620207141403100e-01,3.990599238118326534e-07,0.000000000000000000e+00,8.375792651693893254e-02,6.803148949463614899e-05,4.201595196210250005e-05,2.268086224321059390e-04,1.599541474382157671e-02,1.163436366677464834e-01
6.564144343078573418e-03,3.945987240695974303e-04,1.619192145037367803e-01,7.373502603574996761e-02,1.968458636703902809e-01,0.000000000000000000e+00,2.477513770284967345e-02,4.684340293625278252e-05,6.242118926173485837e-04,7.469043434063914189e-02,1.592338395496478154e-01,1.818436706435022343e-06,0.000000000000000000e+00,1.368534074534046852e-01,7.136261501281186237e-05,1.003318139379794197e-04,3.099157877400737088e-04,1.428450697121315047e-02,1.494284300485899109e-01
1.325180131674670234e-02,4.709911489296810319e-03,1.291793298634213993e-01,8.528331646810140276e-02,1.894454220798610644e-01,1.367362435991099939e-06,2.778758065417805817e-02,1.602222344899343838e-06,8.608755659489872054e-04,1.745134128028847098e-01,1.462576479222064685e-01,3.170772277524133305e-06,4.865650396016445558e-04,5.948233309618320558e-02,2.111569589455210489e-04,3.556784485478033542e-03,2.657842455382273660e-03,4.929850880799099139e-02,1.127104275042373482e-01
9.962747819876967628e-03,1.619623259277420610e-02,1.602845784900000514e-01,9.082603757942843414e-02,1.380870171227384924e-01,0.000000000000000000e+00,2.334648541377337856e-03,4.480989571473980334e-05,1.328670357316247665e-03,9.268499591938499094e-02,2.140002951840152545e-01,2.446541468809358054e-06,2.708307339316792729e-04,4.402095703167249741e-02,9.432968074849926512e-03,2.138573734430340603e-04,1.835128098371988786e-02,5.561521035837686810e-02,1.462070956881721395e-01
1.535413280430748817e-02,6.796654948309852583e-03,1.712200807397275537e-01,1.027936022147403344e-01,1.171191966155684661e-01,0.000000000000000000e+00,2.902234794941617457e-02,6.542536886029491963e-05,9.806599397887913201e-04,1.238814705907299307e-01,1.903201297221882304e-01,2.523046011075377422e-06,1.156333474167741153e-03,4.919191327825185589e-02,1.481323773496153774e-02,2.480064994688102424e-03,5.275375795445575583e-02,4.681341227277958927e-02,7.514162970844515121e-02
1.934891708412625477e-02,3.794299942214360288e-02,1.492070704488270561e-01,4.325849529845911257e-02,1.300832379287504559e-01,0.000000000000000000e+00,2.103485804684343020e-03,5.019253148163709867e-05,8.722377065887635100e-04,1.553944662116254760e-01,2.146123045412093033e-01,2.842603274435714934e-06,7.902483875392019420e-05,5.101370430311494980e-02,2.874967486202136685e-02,1.335587177289927860e-04,3.901516332357313210e-02,3.620897840993406408e-04,1.276450529997975036e-01
1.630042091449191224e-02,1.221817464385856894e-02,1.327484251258652104e-01,1.016965401471739139e-01,1.594997404543056219e-01,0.000000000000000000e+00,3.043513005491963515e-03,8.988737976627433771e-05,2.573147708892403566e-03,1.200528308957792140e-01,1.881273892185797436e-01,3.184138578534245391e-06,5.640714376653152042e-04,6.221889710609579405e-02,3.857346431447184615e-02,2.354254457180472021e-02,3.939804632429898951e-02,1.367937572692502421e-02,8.556668462689639987e-02
2.251086865923998190e-02,1.810471285366323582e-02,1.451675806988654283e-01,9.796414399487378410e-02,1.137311730719471614e-01,0.000000000000000000e+00,2.381385472711007676e-03,2.184237472387314275e-04,6.726413791062362847e-04,1.219746127854100248e-01,1.186826661077702572e-01,2.495372504739879959e-06,0.000000000000000000e+00,1.016478697115184848e-01,7.390730597099688659e-02,4.144449386419033843e-04,4.608461797242694585e-02,2.151108301265833647e-02,1.151259939763373957e-01
2.681237141449678563e-02,1.978434713277242574e-02,1.280704906161363177e-01,1.274195818333621610e-01,1.480218263397895528e-01,0.000000000000000000e+00,3.545529917728327748e-03,1.879373885075519973e-02,2.167000616288261398e-03,1.199069975603734572e-01,1.701334113676029602e-01,2.497783887969155757e-06,1.156973584110146912e-03,6.658486007612991753e-02,6.512221365400386319e-02,1.124290971412153365e-04,5.547231714110720940e-02,1.931198989621789319e-02,2.750727778864596809e-02
2.052557001611119911e-02,8.619257226368142941e-03,1.183979328904325862e-01,1.163982430672058505e-01,1.536043264205257664e-01,0.000000000000000000e+00,1.638568639021905499e-02,2.667049662778881239e-02,2.016099419228414846e-02,1.215229195860448724e-01,1.537552092855883346e-01,3.374274978378056749e-06,2.364871318309082378e-03,4.910761927172650754e-02,5.078687286488586805e-02,1.319599070215806606e-04,5.201973938000446773e-02,2.023994076022199787e-02,6.919261524491203408e-02
1.788302718748158507e-02,4.635777914686104589e-02,1.195298491230770283e-01,7.476205341134510574e-02,1.043709279794045319e-01,0.000000000000000000e+00,1.309390297933879076e-03,5.265920214041066444e-02,4.896256887409369124e-02,4.981592433948995452e-02,1.377620328094003588e-01,8.148202223317075233e-06,2.725752119176709422e-03,6.302519646177615065e-02,6.222190415150756493e-02,1.042086352123791811e-02,1.151655731506939923e-01,1.656233010614344484e-02,7.634128980313269197e-02
1.987480206601105817e-02,1.063898247279996580e-02,1.632720387495110448e-01,8.900548464492152867e-02,9.743108814365171455e-02,0.000000000000000000e+00,7.837539513252630331e-07,9.964683549867703327e-02,6.018172667970100864e-02,9.819642113422853702e-02,6.949266962145372872e-02,5.132958376166046851e-06,2.149352675691475634e-03,4.617972734188965228e-02,1.121184912351118335e-01,2.002647215582846311e-04,8.129389220111851722e-02,8.694873541627045829e-03,4.148161806441715005e-02
1.930292758532521288e-02,1.908132144323811466e-02,1.104126773071587159e-01,5.725240039515947649e-02,1.138105802514357556e-01,0.000000000000000000e+00,0.000000000000000000e+00,1.847825741527533150e-01,8.817388258194483464e-02,7.629045151530537694e-02,1.312253408246641939e-01,8.015967307022077665e-05,3.468730243886614627e-03,1.727873141415827221e-02,8.857631227009656050e-02,2.027975018345298374e-03,8.557134441385279289e-02,1.881596318270489093e-03,7.654101665610411149e-04
2.098971205202198112e-02,1.151633381429619310e-02,1.426169263843116430e-01,3.681915227616826269e-02,1.756867658904560370e-01,0.000000000000000000e+00,7.093822148081643851e-05,1.566055749033533617e-01,9.716476072968920075e-02,2.758162390786180612e-02,8.529910828672823686e-02,5.797990825238695024e-06,1.677160982188326136e-03,2.356643366562544812e-04,1.152008673661591015e-01,5.420450734822947306e-05,1.283942986220516780e-01,0.000000000000000000e+00,1.382918908267800379e-06
1.303078678911897062e-02,1.499974844121879547e-04,1.236334895335886863e-01,7.974343146668030902e-02,1.270329381819162995e-01,1.410544990211539838e-04,0.000000000000000000e+00,2.556844693095923771e-01,8.666862966569750804e-02,1.578515727399640647e-02,1.029704669537844369e-01,2.593965339424503204e-04,2.729615895585300704e-03,2.696525017259085129e-05,9.918021207394644989e-02,2.879687315607878167e-05,9.257208650024921492e-02,0.000000000000000000e+00,3.094658953926112169e-04
2.014880750729316702e-02,4.504321159702489447e-03,1.557972328060397704e-01,4.615187802963793828e-02,1.772579929562011214e-01,7.117870685792868557e-04,0.000000000000000000e+00,1.674173308834279172e-01,1.207686794452224599e-01,1.887393782521904970e-02,1.277630372764615163e-01,1.422737377479744384e-03,4.822347386654394748e-04,1.085766055086774713e-03,7.727454958836918464e-02,1.132451292199092427e-03,7.877308176196308465e-02,3.683468385474429629e-05,3.489305811192065830e-04
1.286743504262745884e-02,6.112973170133366007e-04,9.919798426074585840e-02,9.249780374691564389e-02,1.484508140293318568e-01,6.652829066673503601e-04,0.000000000000000000e+00,2.216293483130555020e-01,1.075809655756005540e-01,3.301435371679438662e-03,8.075491446750591995e-02,4.353944627881127516e-02,4.682377288187638945e-04,3.859136606220745576e-04,1.052565837278778699e-01,9.115908901180472138e-05,8.199702492036216317e-02,2.908769142195735167e-05,5.988341537662757738e-04
1.852171623156559713e-02,2.310585685515484031e-02,1.320511334860089425e-01,5.653973928460434561e-02,1.257703972701901540e-01,4.135923452349429819e-02,0.000000000000000000e+00,1.641786011966157866e-01,1.070266209962932452e-01,2.671691028295969318e-04,6.249882910894828669e-02,1.192146459493822336e-01,1.569236182493454488e-03,2.845686719272449809e-04,3.137529947905590838e-02,3.778186242209621067e-03,7.024208519577027077e-02,1.670312487975281462e-04,4.202234780719008023e-02
